"customerNumber";"customerName";"orderNumber";"orderDate";"paymentDate";"delai_paiement";"nbr_jours_paiement"
363;"Online Diecast Creations Co.";10100;"2022-01-21";"2023-12-03";681;"60+ days"
363;"Online Diecast Creations Co.";10100;"2022-01-21";"2022-01-31";10;"8-14 days"
363;"Online Diecast Creations Co.";10100;"2022-01-21";"2022-12-20";333;"60+ days"
128;"Blauer See Auto, Co.";10101;"2022-01-24";"2022-02-12";19;"15-30 days"
128;"Blauer See Auto, Co.";10101;"2022-01-24";"2022-11-02";282;"60+ days"
128;"Blauer See Auto, Co.";10101;"2022-01-24";"2023-04-09";440;"60+ days"
128;"Blauer See Auto, Co.";10101;"2022-01-24";"2023-12-04";679;"60+ days"
181;"Vitachrome Inc.";10102;"2022-01-25";"2023-05-11";471;"60+ days"
181;"Vitachrome Inc.";10102;"2022-01-25";"2022-02-14";20;"15-30 days"
181;"Vitachrome Inc.";10102;"2022-01-25";"2023-12-02";676;"60+ days"
121;"Baane Mini Imports";10103;"2022-02-13";"2022-03-03";18;"15-30 days"
121;"Baane Mini Imports";10103;"2022-02-13";"2022-11-12";272;"60+ days"
121;"Baane Mini Imports";10103;"2022-02-13";"2023-11-20";645;"60+ days"
121;"Baane Mini Imports";10103;"2022-02-13";"2023-12-14";669;"60+ days"
141;"Euro+ Shopping Channel";10104;"2022-02-15";"2022-08-03";169;"60+ days"
141;"Euro+ Shopping Channel";10104;"2022-02-15";"2023-11-17";640;"60+ days"
141;"Euro+ Shopping Channel";10104;"2022-02-15";"2023-02-14";364;"60+ days"
141;"Euro+ Shopping Channel";10104;"2022-02-15";"2024-01-16";700;"60+ days"
141;"Euro+ Shopping Channel";10104;"2022-02-15";"2022-11-10";268;"60+ days"
141;"Euro+ Shopping Channel";10104;"2022-02-15";"2022-03-12";25;"15-30 days"
141;"Euro+ Shopping Channel";10104;"2022-02-15";"2022-12-24";312;"60+ days"
141;"Euro+ Shopping Channel";10104;"2022-02-15";"2023-07-25";525;"60+ days"
141;"Euro+ Shopping Channel";10104;"2022-02-15";"2023-09-01";563;"60+ days"
141;"Euro+ Shopping Channel";10104;"2022-02-15";"2023-06-02";472;"60+ days"
145;"Danish Wholesale Imports";10105;"2022-02-26";"2023-07-19";508;"60+ days"
145;"Danish Wholesale Imports";10105;"2022-02-26";"2023-05-12";440;"60+ days"
145;"Danish Wholesale Imports";10105;"2022-02-26";"2023-12-17";659;"60+ days"
145;"Danish Wholesale Imports";10105;"2022-02-26";"2022-03-07";9;"8-14 days"
278;"Rovelli Gifts";10106;"2022-03-04";"2023-12-21";657;"60+ days"
278;"Rovelli Gifts";10106;"2022-03-04";"2022-03-17";13;"8-14 days"
278;"Rovelli Gifts";10106;"2022-03-04";"2022-12-09";280;"60+ days"
131;"Land of Toys Inc.";10107;"2022-03-11";"2022-03-27";16;"15-30 days"
131;"Land of Toys Inc.";10107;"2022-03-11";"2023-12-18";647;"60+ days"
131;"Land of Toys Inc.";10107;"2022-03-11";"2023-09-27";565;"60+ days"
385;"Cruz & Sons Co.";10108;"2022-03-18";"2022-12-17";274;"60+ days"
385;"Cruz & Sons Co.";10108;"2022-03-18";"2023-12-05";627;"60+ days"
385;"Cruz & Sons Co.";10108;"2022-03-18";"2022-03-24";6;"0-7 days"
486;"Motor Mint Distributors Inc.";10109;"2022-03-25";"2023-04-30";401;"60+ days"
486;"Motor Mint Distributors Inc.";10109;"2022-03-25";"2023-12-09";624;"60+ days"
486;"Motor Mint Distributors Inc.";10109;"2022-03-25";"2022-04-04";10;"8-14 days"
187;"AV Stores, Co.";10110;"2022-04-02";"2023-11-19";596;"60+ days"
187;"AV Stores, Co.";10110;"2022-04-02";"2023-12-24";631;"60+ days"
187;"AV Stores, Co.";10110;"2022-04-02";"2022-04-11";9;"8-14 days"
129;"Mini Wheels Co.";10111;"2022-04-09";"2023-12-24";624;"60+ days"
129;"Mini Wheels Co.";10111;"2022-04-09";"2022-12-26";261;"60+ days"
129;"Mini Wheels Co.";10111;"2022-04-09";"2022-04-24";15;"15-30 days"
144;"Volvo Model Replicas, Co";10112;"2022-04-08";"2023-12-28";629;"60+ days"
144;"Volvo Model Replicas, Co";10112;"2022-04-08";"2022-04-24";16;"15-30 days"
124;"Mini Gifts Distributors Ltd.";10113;"2022-04-10";"2023-09-13";521;"60+ days"
124;"Mini Gifts Distributors Ltd.";10113;"2022-04-10";"2022-04-26";16;"15-30 days"
124;"Mini Gifts Distributors Ltd.";10113;"2022-04-10";"2024-01-12";642;"60+ days"
124;"Mini Gifts Distributors Ltd.";10113;"2022-04-10";"2023-11-18";587;"60+ days"
124;"Mini Gifts Distributors Ltd.";10113;"2022-04-10";"2022-08-30";142;"60+ days"
124;"Mini Gifts Distributors Ltd.";10113;"2022-04-10";"2023-04-11";366;"60+ days"
124;"Mini Gifts Distributors Ltd.";10113;"2022-04-10";"2022-12-10";244;"60+ days"
172;"La Corne D'abondance, Co.";10114;"2022-04-16";"2023-09-25";527;"60+ days"
172;"La Corne D'abondance, Co.";10114;"2022-04-16";"2023-12-20";613;"60+ days"
172;"La Corne D'abondance, Co.";10114;"2022-04-16";"2022-05-05";19;"15-30 days"
424;"Classic Legends Inc.";10115;"2022-04-19";"2023-12-23";613;"60+ days"
424;"Classic Legends Inc.";10115;"2022-04-19";"2022-05-01";12;"8-14 days"
424;"Classic Legends Inc.";10115;"2022-04-19";"2022-11-15";210;"60+ days"
381;"Royale Belge";10116;"2022-04-26";"2023-12-19";602;"60+ days"
381;"Royale Belge";10116;"2022-04-26";"2022-05-04";8;"8-14 days"
381;"Royale Belge";10116;"2022-04-26";"2024-02-19";664;"60+ days"
381;"Royale Belge";10116;"2022-04-26";"2022-09-06";133;"60+ days"
148;"Dragon Souveniers, Ltd.";10117;"2022-05-01";"2022-05-07";6;"0-7 days"
148;"Dragon Souveniers, Ltd.";10117;"2022-05-01";"2023-08-27";483;"60+ days"
148;"Dragon Souveniers, Ltd.";10117;"2022-05-01";"2023-01-10";254;"60+ days"
216;"Enaco Distributors";10118;"2022-05-06";"2022-05-24";18;"15-30 days"
216;"Enaco Distributors";10118;"2022-05-06";"2023-12-22";595;"60+ days"
216;"Enaco Distributors";10118;"2022-05-06";"2022-12-29";237;"60+ days"
382;"Salzburg Collectables";10119;"2022-05-13";"2022-05-27";14;"8-14 days"
382;"Salzburg Collectables";10119;"2022-05-13";"2023-08-17";461;"60+ days"
382;"Salzburg Collectables";10119;"2022-05-13";"2023-12-13";579;"60+ days"
114;"Australian Collectors, Co.";10120;"2022-05-14";"2022-06-04";21;"15-30 days"
114;"Australian Collectors, Co.";10120;"2022-05-14";"2023-12-31";596;"60+ days"
114;"Australian Collectors, Co.";10120;"2022-05-14";"2022-06-15";32;"31-60 days"
114;"Australian Collectors, Co.";10120;"2022-05-14";"2023-03-26";316;"60+ days"
353;"Reims Collectables";10121;"2022-05-22";"2024-01-26";614;"60+ days"
353;"Reims Collectables";10121;"2022-05-22";"2022-08-05";75;"60+ days"
353;"Reims Collectables";10121;"2022-05-22";"2022-06-05";14;"8-14 days"
350;"Marseille Mini Autos";10122;"2022-05-23";"2023-12-27";583;"60+ days"
350;"Marseille Mini Autos";10122;"2022-05-23";"2022-06-09";17;"15-30 days"
350;"Marseille Mini Autos";10122;"2022-05-23";"2024-02-14";632;"60+ days"
103;"Atelier graphique";10123;"2022-06-04";"2023-11-04";518;"60+ days"
103;"Atelier graphique";10123;"2022-06-04";"2022-06-20";16;"15-30 days"
103;"Atelier graphique";10123;"2022-06-04";"2024-01-03";578;"60+ days"
112;"Signal Gift Stores";10124;"2022-06-05";"2024-01-02";576;"60+ days"
112;"Signal Gift Stores";10124;"2022-06-05";"2022-06-21";16;"15-30 days"
112;"Signal Gift Stores";10124;"2022-06-05";"2023-09-05";457;"60+ days"
114;"Australian Collectors, Co.";10125;"2022-06-05";"2022-06-04";-1;"negative days"
114;"Australian Collectors, Co.";10125;"2022-06-05";"2023-12-31";574;"60+ days"
114;"Australian Collectors, Co.";10125;"2022-06-05";"2022-06-15";10;"8-14 days"
114;"Australian Collectors, Co.";10125;"2022-06-05";"2023-03-26";294;"60+ days"
458;"Corrida Auto Replicas, Ltd";10126;"2022-06-12";"2023-12-01";537;"60+ days"
458;"Corrida Auto Replicas, Ltd";10126;"2022-06-12";"2023-02-21";254;"60+ days"
458;"Corrida Auto Replicas, Ltd";10126;"2022-06-12";"2022-06-28";16;"15-30 days"
151;"Muscle Machine Inc";10127;"2022-06-18";"2023-01-06";202;"60+ days"
151;"Muscle Machine Inc";10127;"2022-06-18";"2023-08-11";419;"60+ days"
151;"Muscle Machine Inc";10127;"2022-06-18";"2022-07-03";15;"15-30 days"
151;"Muscle Machine Inc";10127;"2022-06-18";"2023-12-30";560;"60+ days"
141;"Euro+ Shopping Channel";10128;"2022-06-21";"2022-08-03";43;"31-60 days"
141;"Euro+ Shopping Channel";10128;"2022-06-21";"2023-11-17";514;"60+ days"
141;"Euro+ Shopping Channel";10128;"2022-06-21";"2023-02-14";238;"60+ days"
141;"Euro+ Shopping Channel";10128;"2022-06-21";"2024-01-16";574;"60+ days"
141;"Euro+ Shopping Channel";10128;"2022-06-21";"2022-11-10";142;"60+ days"
141;"Euro+ Shopping Channel";10128;"2022-06-21";"2022-03-12";-101;"negative days"
141;"Euro+ Shopping Channel";10128;"2022-06-21";"2022-12-24";186;"60+ days"
141;"Euro+ Shopping Channel";10128;"2022-06-21";"2023-07-25";399;"60+ days"
141;"Euro+ Shopping Channel";10128;"2022-06-21";"2023-09-01";437;"60+ days"
141;"Euro+ Shopping Channel";10128;"2022-06-21";"2023-06-02";346;"60+ days"
324;"Stylish Desk Decors, Co.";10129;"2022-06-27";"2023-12-29";550;"60+ days"
324;"Stylish Desk Decors, Co.";10129;"2022-06-27";"2022-07-22";25;"15-30 days"
324;"Stylish Desk Decors, Co.";10129;"2022-06-27";"2022-12-08";164;"60+ days"
198;"Auto-Moto Classics Inc.";10130;"2022-07-01";"2023-12-22";539;"60+ days"
198;"Auto-Moto Classics Inc.";10130;"2022-07-01";"2022-07-21";20;"15-30 days"
198;"Auto-Moto Classics Inc.";10130;"2022-07-01";"2023-10-07";463;"60+ days"
447;"Gift Ideas Corp.";10131;"2022-07-01";"2022-09-30";91;"60+ days"
447;"Gift Ideas Corp.";10131;"2022-07-01";"2022-07-10";9;"8-14 days"
447;"Gift Ideas Corp.";10131;"2022-07-01";"2024-01-02";550;"60+ days"
323;"Down Under Souveniers, Inc";10132;"2022-07-10";"2023-07-10";365;"60+ days"
323;"Down Under Souveniers, Inc";10132;"2022-07-10";"2022-07-20";10;"8-14 days"
323;"Down Under Souveniers, Inc";10132;"2022-07-10";"2024-01-09";548;"60+ days"
141;"Euro+ Shopping Channel";10133;"2022-07-12";"2022-08-03";22;"15-30 days"
141;"Euro+ Shopping Channel";10133;"2022-07-12";"2023-11-17";493;"60+ days"
141;"Euro+ Shopping Channel";10133;"2022-07-12";"2023-02-14";217;"60+ days"
141;"Euro+ Shopping Channel";10133;"2022-07-12";"2024-01-16";553;"60+ days"
141;"Euro+ Shopping Channel";10133;"2022-07-12";"2022-11-10";121;"60+ days"
141;"Euro+ Shopping Channel";10133;"2022-07-12";"2022-03-12";-122;"negative days"
141;"Euro+ Shopping Channel";10133;"2022-07-12";"2022-12-24";165;"60+ days"
141;"Euro+ Shopping Channel";10133;"2022-07-12";"2023-07-25";378;"60+ days"
141;"Euro+ Shopping Channel";10133;"2022-07-12";"2023-09-01";416;"60+ days"
141;"Euro+ Shopping Channel";10133;"2022-07-12";"2023-06-02";325;"60+ days"
250;"Lyon Souveniers";10134;"2022-07-16";"2024-01-15";548;"60+ days"
250;"Lyon Souveniers";10134;"2022-07-16";"2022-08-02";17;"15-30 days"
124;"Mini Gifts Distributors Ltd.";10135;"2022-07-17";"2023-09-13";423;"60+ days"
124;"Mini Gifts Distributors Ltd.";10135;"2022-07-17";"2022-04-26";-82;"negative days"
124;"Mini Gifts Distributors Ltd.";10135;"2022-07-17";"2024-01-12";544;"60+ days"
124;"Mini Gifts Distributors Ltd.";10135;"2022-07-17";"2023-11-18";489;"60+ days"
124;"Mini Gifts Distributors Ltd.";10135;"2022-07-17";"2022-08-30";44;"31-60 days"
124;"Mini Gifts Distributors Ltd.";10135;"2022-07-17";"2023-04-11";268;"60+ days"
124;"Mini Gifts Distributors Ltd.";10135;"2022-07-17";"2022-12-10";146;"60+ days"
242;"Alpha Cognac";10136;"2022-07-19";"2022-12-07";141;"60+ days"
242;"Alpha Cognac";10136;"2022-07-19";"2022-08-05";17;"15-30 days"
353;"Reims Collectables";10137;"2022-07-25";"2024-01-26";550;"60+ days"
353;"Reims Collectables";10137;"2022-07-25";"2022-08-05";11;"8-14 days"
353;"Reims Collectables";10137;"2022-07-25";"2022-06-05";-50;"negative days"
496;"Kelly's Gift Shop";10138;"2022-07-22";"2022-07-31";9;"8-14 days"
496;"Kelly's Gift Shop";10138;"2022-07-22";"2024-01-16";543;"60+ days"
282;"Souveniers And Things Co.";10139;"2022-07-31";"2022-08-18";18;"15-30 days"
282;"Souveniers And Things Co.";10139;"2022-07-31";"2023-08-18";383;"60+ days"
282;"Souveniers And Things Co.";10139;"2022-07-31";"2024-01-19";537;"60+ days"
161;"Technics Stores Inc.";10140;"2022-08-08";"2023-11-30";479;"60+ days"
161;"Technics Stores Inc.";10140;"2022-08-08";"2022-12-03";117;"60+ days"
161;"Technics Stores Inc.";10140;"2022-08-08";"2024-02-18";559;"60+ days"
161;"Technics Stores Inc.";10140;"2022-08-08";"2022-08-20";12;"8-14 days"
334;"Suominen Souveniers";10141;"2022-08-16";"2024-02-12";545;"60+ days"
334;"Suominen Souveniers";10141;"2022-08-16";"2022-08-31";15;"15-30 days"
334;"Suominen Souveniers";10141;"2022-08-16";"2023-06-07";295;"60+ days"
124;"Mini Gifts Distributors Ltd.";10142;"2022-08-23";"2023-09-13";386;"60+ days"
124;"Mini Gifts Distributors Ltd.";10142;"2022-08-23";"2022-04-26";-119;"negative days"
124;"Mini Gifts Distributors Ltd.";10142;"2022-08-23";"2024-01-12";507;"60+ days"
124;"Mini Gifts Distributors Ltd.";10142;"2022-08-23";"2023-11-18";452;"60+ days"
124;"Mini Gifts Distributors Ltd.";10142;"2022-08-23";"2022-08-30";7;"0-7 days"
124;"Mini Gifts Distributors Ltd.";10142;"2022-08-23";"2023-04-11";231;"60+ days"
124;"Mini Gifts Distributors Ltd.";10142;"2022-08-23";"2022-12-10";109;"60+ days"
320;"Mini Creations Ltd.";10143;"2022-08-25";"2024-02-03";527;"60+ days"
320;"Mini Creations Ltd.";10143;"2022-08-25";"2022-09-04";10;"8-14 days"
320;"Mini Creations Ltd.";10143;"2022-08-25";"2022-12-09";106;"60+ days"
381;"Royale Belge";10144;"2022-08-28";"2023-12-19";478;"60+ days"
381;"Royale Belge";10144;"2022-08-28";"2022-05-04";-116;"negative days"
381;"Royale Belge";10144;"2022-08-28";"2024-02-19";540;"60+ days"
381;"Royale Belge";10144;"2022-08-28";"2022-09-06";9;"8-14 days"
205;"Toys4GrownUps.com";10145;"2022-09-09";"2022-12-19";101;"60+ days"
205;"Toys4GrownUps.com";10145;"2022-09-09";"2022-09-20";11;"8-14 days"
205;"Toys4GrownUps.com";10145;"2022-09-09";"2024-02-22";531;"60+ days"
447;"Gift Ideas Corp.";10146;"2022-09-18";"2022-09-30";12;"8-14 days"
447;"Gift Ideas Corp.";10146;"2022-09-18";"2022-07-10";-70;"negative days"
447;"Gift Ideas Corp.";10146;"2022-09-18";"2024-01-02";471;"60+ days"
379;"Collectables For Less Inc.";10147;"2022-09-20";"2024-02-28";526;"60+ days"
379;"Collectables For Less Inc.";10147;"2022-09-20";"2022-10-01";11;"8-14 days"
379;"Collectables For Less Inc.";10147;"2022-09-20";"2023-08-18";332;"60+ days"
276;"Anna's Decorations, Ltd";10148;"2022-09-26";"2024-02-25";517;"60+ days"
276;"Anna's Decorations, Ltd";10148;"2022-09-26";"2022-11-28";63;"60+ days"
276;"Anna's Decorations, Ltd";10148;"2022-09-26";"2022-10-13";17;"15-30 days"
487;"Signal Collectibles Ltd.";10149;"2022-09-27";"2022-10-13";16;"15-30 days"
487;"Signal Collectibles Ltd.";10149;"2022-09-27";"2023-03-15";169;"60+ days"
148;"Dragon Souveniers, Ltd.";10150;"2022-10-04";"2022-05-07";-150;"negative days"
148;"Dragon Souveniers, Ltd.";10150;"2022-10-04";"2023-08-27";327;"60+ days"
148;"Dragon Souveniers, Ltd.";10150;"2022-10-04";"2023-01-10";98;"60+ days"
311;"Oulu Toy Supplies, Inc.";10151;"2022-10-06";"2024-03-02";513;"60+ days"
311;"Oulu Toy Supplies, Inc.";10151;"2022-10-06";"2022-10-21";15;"15-30 days"
311;"Oulu Toy Supplies, Inc.";10151;"2022-10-06";"2023-05-11";217;"60+ days"
333;"Australian Gift Network, Co";10152;"2022-10-10";"2022-11-30";51;"31-60 days"
333;"Australian Gift Network, Co";10152;"2022-10-10";"2022-11-01";22;"15-30 days"
141;"Euro+ Shopping Channel";10153;"2022-10-13";"2022-08-03";-71;"negative days"
141;"Euro+ Shopping Channel";10153;"2022-10-13";"2023-11-17";400;"60+ days"
141;"Euro+ Shopping Channel";10153;"2022-10-13";"2023-02-14";124;"60+ days"
141;"Euro+ Shopping Channel";10153;"2022-10-13";"2024-01-16";460;"60+ days"
141;"Euro+ Shopping Channel";10153;"2022-10-13";"2022-11-10";28;"15-30 days"
141;"Euro+ Shopping Channel";10153;"2022-10-13";"2022-03-12";-215;"negative days"
141;"Euro+ Shopping Channel";10153;"2022-10-13";"2022-12-24";72;"60+ days"
141;"Euro+ Shopping Channel";10153;"2022-10-13";"2023-07-25";285;"60+ days"
141;"Euro+ Shopping Channel";10153;"2022-10-13";"2023-09-01";323;"60+ days"
141;"Euro+ Shopping Channel";10153;"2022-10-13";"2023-06-02";232;"60+ days"
219;"Boards & Toys Co.";10154;"2022-10-17";"2022-11-02";16;"15-30 days"
186;"Toys of Finland, Co.";10155;"2022-10-21";"2022-11-11";21;"15-30 days"
186;"Toys of Finland, Co.";10155;"2022-10-21";"2023-11-06";381;"60+ days"
141;"Euro+ Shopping Channel";10156;"2022-10-23";"2022-08-03";-81;"negative days"
141;"Euro+ Shopping Channel";10156;"2022-10-23";"2023-11-17";390;"60+ days"
141;"Euro+ Shopping Channel";10156;"2022-10-23";"2023-02-14";114;"60+ days"
141;"Euro+ Shopping Channel";10156;"2022-10-23";"2024-01-16";450;"60+ days"
141;"Euro+ Shopping Channel";10156;"2022-10-23";"2022-11-10";18;"15-30 days"
141;"Euro+ Shopping Channel";10156;"2022-10-23";"2022-03-12";-225;"negative days"
141;"Euro+ Shopping Channel";10156;"2022-10-23";"2022-12-24";62;"60+ days"
141;"Euro+ Shopping Channel";10156;"2022-10-23";"2023-07-25";275;"60+ days"
141;"Euro+ Shopping Channel";10156;"2022-10-23";"2023-09-01";313;"60+ days"
141;"Euro+ Shopping Channel";10156;"2022-10-23";"2023-06-02";222;"60+ days"
473;"Frau da Collezione";10157;"2022-10-24";"2023-03-04";131;"60+ days"
473;"Frau da Collezione";10157;"2022-10-24";"2022-11-11";18;"15-30 days"
121;"Baane Mini Imports";10158;"2022-10-25";"2022-03-03";-236;"negative days"
121;"Baane Mini Imports";10158;"2022-10-25";"2022-11-12";18;"15-30 days"
121;"Baane Mini Imports";10158;"2022-10-25";"2023-11-20";391;"60+ days"
121;"Baane Mini Imports";10158;"2022-10-25";"2023-12-14";415;"60+ days"
321;"Corporate Gift Ideas Co.";10159;"2022-10-25";"2022-11-18";24;"15-30 days"
347;"Men 'R' US Retailers, Ltd.";10160;"2022-10-26";"2023-02-02";99;"60+ days"
347;"Men 'R' US Retailers, Ltd.";10160;"2022-10-26";"2022-11-08";13;"8-14 days"
227;"Heintze Collectables";10161;"2022-11-01";"2022-11-15";14;"8-14 days"
227;"Heintze Collectables";10161;"2022-11-01";"2023-11-18";382;"60+ days"
321;"Corporate Gift Ideas Co.";10162;"2022-11-02";"2022-11-18";16;"15-30 days"
424;"Classic Legends Inc.";10163;"2022-11-04";"2023-12-23";414;"60+ days"
424;"Classic Legends Inc.";10163;"2022-11-04";"2022-05-01";-187;"negative days"
424;"Classic Legends Inc.";10163;"2022-11-04";"2022-11-15";11;"8-14 days"
452;"Mini Auto Werke";10164;"2022-11-05";"2022-11-30";25;"15-30 days"
452;"Mini Auto Werke";10164;"2022-11-05";"2022-12-05";30;"15-30 days"
148;"Dragon Souveniers, Ltd.";10165;"2022-11-06";"2022-05-07";-183;"negative days"
148;"Dragon Souveniers, Ltd.";10165;"2022-11-06";"2023-08-27";294;"60+ days"
148;"Dragon Souveniers, Ltd.";10165;"2022-11-06";"2023-01-10";65;"60+ days"
462;"FunGiftIdeas.com";10166;"2022-11-05";"2022-11-23";18;"15-30 days"
462;"FunGiftIdeas.com";10166;"2022-11-05";"2023-12-13";403;"60+ days"
448;"Scandinavian Gift Ideas";10167;"2022-11-07";"2023-10-16";343;"60+ days"
161;"Technics Stores Inc.";10168;"2022-11-12";"2023-11-30";383;"60+ days"
161;"Technics Stores Inc.";10168;"2022-11-12";"2022-12-03";21;"15-30 days"
161;"Technics Stores Inc.";10168;"2022-11-12";"2024-02-18";463;"60+ days"
161;"Technics Stores Inc.";10168;"2022-11-12";"2022-08-20";-84;"negative days"
276;"Anna's Decorations, Ltd";10169;"2022-11-19";"2024-02-25";463;"60+ days"
276;"Anna's Decorations, Ltd";10169;"2022-11-19";"2022-11-28";9;"8-14 days"
276;"Anna's Decorations, Ltd";10169;"2022-11-19";"2022-10-13";-37;"negative days"
452;"Mini Auto Werke";10170;"2022-11-19";"2022-11-30";11;"8-14 days"
452;"Mini Auto Werke";10170;"2022-11-19";"2022-12-05";16;"15-30 days"
233;"Québec Home Shopping Network";10171;"2022-11-20";"2023-07-17";239;"60+ days"
233;"Québec Home Shopping Network";10171;"2022-11-20";"2022-12-03";13;"8-14 days"
175;"Gift Depot Inc.";10172;"2022-11-20";"2022-12-04";14;"8-14 days"
175;"Gift Depot Inc.";10172;"2022-11-20";"2023-07-26";248;"60+ days"
278;"Rovelli Gifts";10173;"2022-11-20";"2023-12-21";396;"60+ days"
278;"Rovelli Gifts";10173;"2022-11-20";"2022-03-17";-248;"negative days"
278;"Rovelli Gifts";10173;"2022-11-20";"2022-12-09";19;"15-30 days"
333;"Australian Gift Network, Co";10174;"2022-11-21";"2022-11-30";9;"8-14 days"
333;"Australian Gift Network, Co";10174;"2022-11-21";"2022-11-01";-20;"negative days"
324;"Stylish Desk Decors, Co.";10175;"2022-11-21";"2023-12-29";403;"60+ days"
324;"Stylish Desk Decors, Co.";10175;"2022-11-21";"2022-07-22";-122;"negative days"
324;"Stylish Desk Decors, Co.";10175;"2022-11-21";"2022-12-08";17;"15-30 days"
386;"L'ordine Souveniers";10176;"2022-11-21";"2022-12-03";12;"8-14 days"
386;"L'ordine Souveniers";10176;"2022-11-21";"2023-08-03";255;"60+ days"
344;"CAF Imports";10177;"2022-11-22";"2022-12-09";17;"15-30 days"
344;"CAF Imports";10177;"2022-11-22";"2023-04-18";147;"60+ days"
242;"Alpha Cognac";10178;"2022-11-23";"2022-12-07";14;"8-14 days"
242;"Alpha Cognac";10178;"2022-11-23";"2022-08-05";-110;"negative days"
496;"Kelly's Gift Shop";10179;"2022-11-26";"2022-07-31";-118;"negative days"
496;"Kelly's Gift Shop";10179;"2022-11-26";"2024-01-16";416;"60+ days"
171;"Daedalus Designs Imports";10180;"2022-11-26";"2023-03-31";125;"60+ days"
171;"Daedalus Designs Imports";10180;"2022-11-26";"2022-12-07";11;"8-14 days"
167;"Herkku Gifts";10181;"2022-11-27";"2023-10-05";312;"60+ days"
167;"Herkku Gifts";10181;"2022-11-27";"2022-12-18";21;"15-30 days"
124;"Mini Gifts Distributors Ltd.";10182;"2022-11-27";"2023-09-13";290;"60+ days"
124;"Mini Gifts Distributors Ltd.";10182;"2022-11-27";"2022-04-26";-215;"negative days"
124;"Mini Gifts Distributors Ltd.";10182;"2022-11-27";"2024-01-12";411;"60+ days"
124;"Mini Gifts Distributors Ltd.";10182;"2022-11-27";"2023-11-18";356;"60+ days"
124;"Mini Gifts Distributors Ltd.";10182;"2022-11-27";"2022-08-30";-89;"negative days"
124;"Mini Gifts Distributors Ltd.";10182;"2022-11-27";"2023-04-11";135;"60+ days"
124;"Mini Gifts Distributors Ltd.";10182;"2022-11-27";"2022-12-10";13;"8-14 days"
339;"Classic Gift Ideas, Inc";10183;"2022-11-28";"2023-11-09";346;"60+ days"
339;"Classic Gift Ideas, Inc";10183;"2022-11-28";"2022-12-13";15;"15-30 days"
484;"Iberia Gift Imports, Corp.";10184;"2022-11-29";"2023-11-11";347;"60+ days"
484;"Iberia Gift Imports, Corp.";10184;"2022-11-29";"2022-12-14";15;"15-30 days"
320;"Mini Creations Ltd.";10185;"2022-11-29";"2024-02-03";431;"60+ days"
320;"Mini Creations Ltd.";10185;"2022-11-29";"2022-09-04";-86;"negative days"
320;"Mini Creations Ltd.";10185;"2022-11-29";"2022-12-09";10;"8-14 days"
489;"Double Decker Gift Stores, Ltd";10186;"2022-11-29";"2022-12-19";20;"15-30 days"
489;"Double Decker Gift Stores, Ltd";10186;"2022-11-29";"2023-02-15";78;"60+ days"
211;"King Kong Collectables, Co.";10187;"2022-11-30";"2022-12-24";24;"15-30 days"
167;"Herkku Gifts";10188;"2022-12-03";"2023-10-05";306;"60+ days"
167;"Herkku Gifts";10188;"2022-12-03";"2022-12-18";15;"15-30 days"
205;"Toys4GrownUps.com";10189;"2022-12-03";"2022-12-19";16;"15-30 days"
205;"Toys4GrownUps.com";10189;"2022-12-03";"2022-09-20";-74;"negative days"
205;"Toys4GrownUps.com";10189;"2022-12-03";"2024-02-22";446;"60+ days"
141;"Euro+ Shopping Channel";10190;"2022-12-04";"2022-08-03";-123;"negative days"
141;"Euro+ Shopping Channel";10190;"2022-12-04";"2023-11-17";348;"60+ days"
141;"Euro+ Shopping Channel";10190;"2022-12-04";"2023-02-14";72;"60+ days"
141;"Euro+ Shopping Channel";10190;"2022-12-04";"2024-01-16";408;"60+ days"
141;"Euro+ Shopping Channel";10190;"2022-12-04";"2022-11-10";-24;"negative days"
141;"Euro+ Shopping Channel";10190;"2022-12-04";"2022-03-12";-267;"negative days"
141;"Euro+ Shopping Channel";10190;"2022-12-04";"2022-12-24";20;"15-30 days"
141;"Euro+ Shopping Channel";10190;"2022-12-04";"2023-07-25";233;"60+ days"
141;"Euro+ Shopping Channel";10190;"2022-12-04";"2023-09-01";271;"60+ days"
141;"Euro+ Shopping Channel";10190;"2022-12-04";"2023-06-02";180;"60+ days"
259;"Toms Spezialitäten, Ltd";10191;"2022-12-05";"2023-11-22";352;"60+ days"
259;"Toms Spezialitäten, Ltd";10191;"2022-12-05";"2022-12-22";17;"15-30 days"
363;"Online Diecast Creations Co.";10192;"2022-12-05";"2023-12-03";363;"60+ days"
363;"Online Diecast Creations Co.";10192;"2022-12-05";"2022-01-31";-308;"negative days"
363;"Online Diecast Creations Co.";10192;"2022-12-05";"2022-12-20";15;"15-30 days"
471;"Australian Collectables, Ltd";10193;"2022-12-06";"2023-08-13";250;"60+ days"
471;"Australian Collectables, Ltd";10193;"2022-12-06";"2022-12-25";19;"15-30 days"
146;"Saveley & Henriot, Co.";10194;"2022-12-10";"2023-04-03";114;"60+ days"
146;"Saveley & Henriot, Co.";10194;"2022-12-10";"2023-01-31";52;"31-60 days"
146;"Saveley & Henriot, Co.";10194;"2022-12-10";"2022-12-25";15;"15-30 days"
319;"Mini Classics";10195;"2022-12-10";"2023-11-22";347;"60+ days"
319;"Mini Classics";10195;"2022-12-10";"2022-12-22";12;"8-14 days"
455;"Super Scale Inc.";10196;"2022-12-11";"2022-12-20";9;"8-14 days"
455;"Super Scale Inc.";10196;"2022-12-11";"2023-05-28";168;"60+ days"
216;"Enaco Distributors";10197;"2022-12-11";"2022-05-24";-201;"negative days"
216;"Enaco Distributors";10197;"2022-12-11";"2023-12-22";376;"60+ days"
216;"Enaco Distributors";10197;"2022-12-11";"2022-12-29";18;"15-30 days"
385;"Cruz & Sons Co.";10198;"2022-12-12";"2022-12-17";5;"0-7 days"
385;"Cruz & Sons Co.";10198;"2022-12-12";"2023-12-05";358;"60+ days"
385;"Cruz & Sons Co.";10198;"2022-12-12";"2022-03-24";-263;"negative days"
475;"West Coast Collectables Co.";10199;"2022-12-16";"2022-12-24";8;"8-14 days"
475;"West Coast Collectables Co.";10199;"2022-12-16";"2023-02-28";74;"60+ days"
211;"King Kong Collectables, Co.";10200;"2022-12-16";"2022-12-24";8;"8-14 days"
129;"Mini Wheels Co.";10201;"2022-12-16";"2023-12-24";373;"60+ days"
129;"Mini Wheels Co.";10201;"2022-12-16";"2022-12-26";10;"8-14 days"
129;"Mini Wheels Co.";10201;"2022-12-16";"2022-04-24";-236;"negative days"
357;"GiftsForHim.com";10202;"2022-12-17";"2022-12-31";14;"8-14 days"
357;"GiftsForHim.com";10202;"2022-12-17";"2023-05-31";165;"60+ days"
141;"Euro+ Shopping Channel";10203;"2022-12-17";"2022-08-03";-136;"negative days"
141;"Euro+ Shopping Channel";10203;"2022-12-17";"2023-11-17";335;"60+ days"
141;"Euro+ Shopping Channel";10203;"2022-12-17";"2023-02-14";59;"31-60 days"
141;"Euro+ Shopping Channel";10203;"2022-12-17";"2024-01-16";395;"60+ days"
141;"Euro+ Shopping Channel";10203;"2022-12-17";"2022-11-10";-37;"negative days"
141;"Euro+ Shopping Channel";10203;"2022-12-17";"2022-03-12";-280;"negative days"
141;"Euro+ Shopping Channel";10203;"2022-12-17";"2022-12-24";7;"0-7 days"
141;"Euro+ Shopping Channel";10203;"2022-12-17";"2023-07-25";220;"60+ days"
141;"Euro+ Shopping Channel";10203;"2022-12-17";"2023-09-01";258;"60+ days"
141;"Euro+ Shopping Channel";10203;"2022-12-17";"2023-06-02";167;"60+ days"
151;"Muscle Machine Inc";10204;"2022-12-17";"2023-01-06";20;"15-30 days"
151;"Muscle Machine Inc";10204;"2022-12-17";"2023-08-11";237;"60+ days"
151;"Muscle Machine Inc";10204;"2022-12-17";"2022-07-03";-167;"negative days"
151;"Muscle Machine Inc";10204;"2022-12-17";"2023-12-30";378;"60+ days"
141;"Euro+ Shopping Channel";10205;"2022-12-18";"2022-08-03";-137;"negative days"
141;"Euro+ Shopping Channel";10205;"2022-12-18";"2023-11-17";334;"60+ days"
141;"Euro+ Shopping Channel";10205;"2022-12-18";"2023-02-14";58;"31-60 days"
141;"Euro+ Shopping Channel";10205;"2022-12-18";"2024-01-16";394;"60+ days"
141;"Euro+ Shopping Channel";10205;"2022-12-18";"2022-11-10";-38;"negative days"
141;"Euro+ Shopping Channel";10205;"2022-12-18";"2022-03-12";-281;"negative days"
141;"Euro+ Shopping Channel";10205;"2022-12-18";"2022-12-24";6;"0-7 days"
141;"Euro+ Shopping Channel";10205;"2022-12-18";"2023-07-25";219;"60+ days"
141;"Euro+ Shopping Channel";10205;"2022-12-18";"2023-09-01";257;"60+ days"
141;"Euro+ Shopping Channel";10205;"2022-12-18";"2023-06-02";166;"60+ days"
202;"Canadian Gift Exchange Network";10206;"2022-12-20";"2023-01-02";13;"8-14 days"
202;"Canadian Gift Exchange Network";10206;"2022-12-20";"2023-11-24";339;"60+ days"
495;"Diecast Collectables";10207;"2022-12-24";"2023-01-10";17;"15-30 days"
495;"Diecast Collectables";10207;"2022-12-24";"2023-05-30";157;"60+ days"
146;"Saveley & Henriot, Co.";10208;"2023-01-17";"2023-04-03";76;"60+ days"
146;"Saveley & Henriot, Co.";10208;"2023-01-17";"2023-01-31";14;"8-14 days"
146;"Saveley & Henriot, Co.";10208;"2023-01-17";"2022-12-25";-23;"negative days"
347;"Men 'R' US Retailers, Ltd.";10209;"2023-01-24";"2023-02-02";9;"8-14 days"
347;"Men 'R' US Retailers, Ltd.";10209;"2023-01-24";"2022-11-08";-77;"negative days"
177;"Osaka Souveniers Co.";10210;"2023-01-27";"2023-05-03";96;"60+ days"
177;"Osaka Souveniers Co.";10210;"2023-01-27";"2023-02-03";7;"0-7 days"
406;"Auto Canal+ Petit";10211;"2023-01-30";"2023-02-12";13;"8-14 days"
406;"Auto Canal+ Petit";10211;"2023-01-30";"2023-07-03";154;"60+ days"
141;"Euro+ Shopping Channel";10212;"2023-01-31";"2022-08-03";-181;"negative days"
141;"Euro+ Shopping Channel";10212;"2023-01-31";"2023-11-17";290;"60+ days"
141;"Euro+ Shopping Channel";10212;"2023-01-31";"2023-02-14";14;"8-14 days"
141;"Euro+ Shopping Channel";10212;"2023-01-31";"2024-01-16";350;"60+ days"
141;"Euro+ Shopping Channel";10212;"2023-01-31";"2022-11-10";-82;"negative days"
141;"Euro+ Shopping Channel";10212;"2023-01-31";"2022-03-12";-325;"negative days"
141;"Euro+ Shopping Channel";10212;"2023-01-31";"2022-12-24";-38;"negative days"
141;"Euro+ Shopping Channel";10212;"2023-01-31";"2023-07-25";175;"60+ days"
141;"Euro+ Shopping Channel";10212;"2023-01-31";"2023-09-01";213;"60+ days"
141;"Euro+ Shopping Channel";10212;"2023-01-31";"2023-06-02";122;"60+ days"
489;"Double Decker Gift Stores, Ltd";10213;"2023-02-06";"2022-12-19";-49;"negative days"
489;"Double Decker Gift Stores, Ltd";10213;"2023-02-06";"2023-02-15";9;"8-14 days"
458;"Corrida Auto Replicas, Ltd";10214;"2023-02-10";"2023-12-01";294;"60+ days"
458;"Corrida Auto Replicas, Ltd";10214;"2023-02-10";"2023-02-21";11;"8-14 days"
458;"Corrida Auto Replicas, Ltd";10214;"2023-02-10";"2022-06-28";-227;"negative days"
475;"West Coast Collectables Co.";10215;"2023-02-13";"2022-12-24";-51;"negative days"
475;"West Coast Collectables Co.";10215;"2023-02-13";"2023-02-28";15;"15-30 days"
256;"Auto Associés & Cie.";10216;"2023-02-17";"2023-02-25";8;"8-14 days"
256;"Auto Associés & Cie.";10216;"2023-02-17";"2023-11-07";263;"60+ days"
166;"Handji Gifts& Co";10217;"2023-02-19";"2023-10-02";225;"60+ days"
166;"Handji Gifts& Co";10217;"2023-02-19";"2023-07-23";154;"60+ days"
166;"Handji Gifts& Co";10217;"2023-02-19";"2023-03-15";24;"15-30 days"
473;"Frau da Collezione";10218;"2023-02-24";"2023-03-04";8;"8-14 days"
473;"Frau da Collezione";10218;"2023-02-24";"2022-11-11";-105;"negative days"
487;"Signal Collectibles Ltd.";10219;"2023-02-25";"2022-10-13";-135;"negative days"
487;"Signal Collectibles Ltd.";10219;"2023-02-25";"2023-03-15";18;"15-30 days"
189;"Clover Collections, Co.";10220;"2023-02-27";"2023-10-19";234;"60+ days"
189;"Clover Collections, Co.";10220;"2023-02-27";"2023-03-17";18;"15-30 days"
314;"Petit Auto";10221;"2023-03-05";"2023-08-25";173;"60+ days"
314;"Petit Auto";10221;"2023-03-05";"2023-03-19";14;"8-14 days"
239;"Collectable Mini Designs Co.";10222;"2023-03-06";"2023-03-31";25;"15-30 days"
114;"Australian Collectors, Co.";10223;"2023-03-07";"2022-06-04";-276;"negative days"
114;"Australian Collectors, Co.";10223;"2023-03-07";"2023-12-31";299;"60+ days"
114;"Australian Collectors, Co.";10223;"2023-03-07";"2022-06-15";-265;"negative days"
114;"Australian Collectors, Co.";10223;"2023-03-07";"2023-03-26";19;"15-30 days"
171;"Daedalus Designs Imports";10224;"2023-03-08";"2023-03-31";23;"15-30 days"
171;"Daedalus Designs Imports";10224;"2023-03-08";"2022-12-07";-91;"negative days"
298;"Vida Sport, Ltd";10225;"2023-03-09";"2023-03-29";20;"15-30 days"
298;"Vida Sport, Ltd";10225;"2023-03-09";"2023-10-04";209;"60+ days"
239;"Collectable Mini Designs Co.";10226;"2023-03-13";"2023-03-31";18;"15-30 days"
146;"Saveley & Henriot, Co.";10227;"2023-03-18";"2023-04-03";16;"15-30 days"
146;"Saveley & Henriot, Co.";10227;"2023-03-18";"2023-01-31";-46;"negative days"
146;"Saveley & Henriot, Co.";10227;"2023-03-18";"2022-12-25";-83;"negative days"
173;"Cambridge Collectables Co.";10228;"2023-03-26";"2023-05-29";64;"60+ days"
173;"Cambridge Collectables Co.";10228;"2023-03-26";"2023-04-14";19;"15-30 days"
124;"Mini Gifts Distributors Ltd.";10229;"2023-03-27";"2023-09-13";170;"60+ days"
124;"Mini Gifts Distributors Ltd.";10229;"2023-03-27";"2022-04-26";-335;"negative days"
124;"Mini Gifts Distributors Ltd.";10229;"2023-03-27";"2024-01-12";291;"60+ days"
124;"Mini Gifts Distributors Ltd.";10229;"2023-03-27";"2023-11-18";236;"60+ days"
124;"Mini Gifts Distributors Ltd.";10229;"2023-03-27";"2022-08-30";-209;"negative days"
124;"Mini Gifts Distributors Ltd.";10229;"2023-03-27";"2023-04-11";15;"15-30 days"
124;"Mini Gifts Distributors Ltd.";10229;"2023-03-27";"2022-12-10";-107;"negative days"
128;"Blauer See Auto, Co.";10230;"2023-03-31";"2022-02-12";-412;"negative days"
128;"Blauer See Auto, Co.";10230;"2023-03-31";"2022-11-02";-149;"negative days"
128;"Blauer See Auto, Co.";10230;"2023-03-31";"2023-04-09";9;"8-14 days"
128;"Blauer See Auto, Co.";10230;"2023-03-31";"2023-12-04";248;"60+ days"
344;"CAF Imports";10231;"2023-04-04";"2022-12-09";-116;"negative days"
344;"CAF Imports";10231;"2023-04-04";"2023-04-18";14;"8-14 days"
240;"giftsbymail.co.uk";10232;"2023-04-05";"2023-12-02";241;"60+ days"
240;"giftsbymail.co.uk";10232;"2023-04-05";"2023-04-13";8;"8-14 days"
328;"Tekni Collectables Inc.";10233;"2023-04-14";"2023-05-02";18;"15-30 days"
328;"Tekni Collectables Inc.";10233;"2023-04-14";"2023-06-15";62;"60+ days"
412;"Extreme Desk Decorations, Ltd";10234;"2023-04-15";"2023-08-10";117;"60+ days"
412;"Extreme Desk Decorations, Ltd";10234;"2023-04-15";"2023-04-30";15;"15-30 days"
260;"Royal Canadian Collectables, Ltd.";10235;"2023-04-18";"2023-09-15";150;"60+ days"
260;"Royal Canadian Collectables, Ltd.";10235;"2023-04-18";"2023-05-10";22;"15-30 days"
486;"Motor Mint Distributors Inc.";10236;"2023-04-19";"2023-04-30";11;"8-14 days"
486;"Motor Mint Distributors Inc.";10236;"2023-04-19";"2023-12-09";234;"60+ days"
486;"Motor Mint Distributors Inc.";10236;"2023-04-19";"2022-04-04";-380;"negative days"
181;"Vitachrome Inc.";10237;"2023-04-21";"2023-05-11";20;"15-30 days"
181;"Vitachrome Inc.";10237;"2023-04-21";"2022-02-14";-431;"negative days"
181;"Vitachrome Inc.";10237;"2023-04-21";"2023-12-02";225;"60+ days"
145;"Danish Wholesale Imports";10238;"2023-04-25";"2023-07-19";85;"60+ days"
145;"Danish Wholesale Imports";10238;"2023-04-25";"2023-05-12";17;"15-30 days"
145;"Danish Wholesale Imports";10238;"2023-04-25";"2023-12-17";236;"60+ days"
145;"Danish Wholesale Imports";10238;"2023-04-25";"2022-03-07";-414;"negative days"
311;"Oulu Toy Supplies, Inc.";10239;"2023-04-28";"2024-03-02";309;"60+ days"
311;"Oulu Toy Supplies, Inc.";10239;"2023-04-28";"2022-10-21";-189;"negative days"
311;"Oulu Toy Supplies, Inc.";10239;"2023-04-28";"2023-05-11";13;"8-14 days"
177;"Osaka Souveniers Co.";10240;"2023-04-29";"2023-05-03";4;"0-7 days"
177;"Osaka Souveniers Co.";10240;"2023-04-29";"2023-02-03";-85;"negative days"
209;"Mini Caravy";10241;"2023-04-29";"2023-07-07";69;"60+ days"
209;"Mini Caravy";10241;"2023-04-29";"2023-05-20";21;"15-30 days"
456;"Microscale Inc.";10242;"2023-05-06";"2023-11-29";207;"60+ days"
456;"Microscale Inc.";10242;"2023-05-06";"2023-05-16";10;"8-14 days"
495;"Diecast Collectables";10243;"2023-05-12";"2023-01-10";-122;"negative days"
495;"Diecast Collectables";10243;"2023-05-12";"2023-05-30";18;"15-30 days"
141;"Euro+ Shopping Channel";10244;"2023-05-15";"2022-08-03";-285;"negative days"
141;"Euro+ Shopping Channel";10244;"2023-05-15";"2023-11-17";186;"60+ days"
141;"Euro+ Shopping Channel";10244;"2023-05-15";"2023-02-14";-90;"negative days"
141;"Euro+ Shopping Channel";10244;"2023-05-15";"2024-01-16";246;"60+ days"
141;"Euro+ Shopping Channel";10244;"2023-05-15";"2022-11-10";-186;"negative days"
141;"Euro+ Shopping Channel";10244;"2023-05-15";"2022-03-12";-429;"negative days"
141;"Euro+ Shopping Channel";10244;"2023-05-15";"2022-12-24";-142;"negative days"
141;"Euro+ Shopping Channel";10244;"2023-05-15";"2023-07-25";71;"60+ days"
141;"Euro+ Shopping Channel";10244;"2023-05-15";"2023-09-01";109;"60+ days"
141;"Euro+ Shopping Channel";10244;"2023-05-15";"2023-06-02";18;"15-30 days"
455;"Super Scale Inc.";10245;"2023-05-20";"2022-12-20";-151;"negative days"
455;"Super Scale Inc.";10245;"2023-05-20";"2023-05-28";8;"8-14 days"
141;"Euro+ Shopping Channel";10246;"2023-05-21";"2022-08-03";-291;"negative days"
141;"Euro+ Shopping Channel";10246;"2023-05-21";"2023-11-17";180;"60+ days"
141;"Euro+ Shopping Channel";10246;"2023-05-21";"2023-02-14";-96;"negative days"
141;"Euro+ Shopping Channel";10246;"2023-05-21";"2024-01-16";240;"60+ days"
141;"Euro+ Shopping Channel";10246;"2023-05-21";"2022-11-10";-192;"negative days"
141;"Euro+ Shopping Channel";10246;"2023-05-21";"2022-03-12";-435;"negative days"
141;"Euro+ Shopping Channel";10246;"2023-05-21";"2022-12-24";-148;"negative days"
141;"Euro+ Shopping Channel";10246;"2023-05-21";"2023-07-25";65;"60+ days"
141;"Euro+ Shopping Channel";10246;"2023-05-21";"2023-09-01";103;"60+ days"
141;"Euro+ Shopping Channel";10246;"2023-05-21";"2023-06-02";12;"8-14 days"
334;"Suominen Souveniers";10247;"2023-05-21";"2024-02-12";267;"60+ days"
334;"Suominen Souveniers";10247;"2023-05-21";"2022-08-31";-263;"negative days"
334;"Suominen Souveniers";10247;"2023-05-21";"2023-06-07";17;"15-30 days"
131;"Land of Toys Inc.";10248;"2023-05-23";"2022-03-27";-422;"negative days"
131;"Land of Toys Inc.";10248;"2023-05-23";"2023-12-18";209;"60+ days"
131;"Land of Toys Inc.";10248;"2023-05-23";"2023-09-27";127;"60+ days"
173;"Cambridge Collectables Co.";10249;"2023-05-24";"2023-05-29";5;"0-7 days"
173;"Cambridge Collectables Co.";10249;"2023-05-24";"2023-04-14";-40;"negative days"
450;"The Sharp Gifts Warehouse";10250;"2023-05-27";"2023-07-07";41;"31-60 days"
328;"Tekni Collectables Inc.";10251;"2023-06-03";"2023-05-02";-32;"negative days"
328;"Tekni Collectables Inc.";10251;"2023-06-03";"2023-06-15";12;"8-14 days"
406;"Auto Canal+ Petit";10252;"2023-06-11";"2023-02-12";-119;"negative days"
406;"Auto Canal+ Petit";10252;"2023-06-11";"2023-07-03";22;"15-30 days"
201;"UK Collectables, Ltd.";10253;"2023-06-17";"2022-11-04";-225;"negative days"
201;"UK Collectables, Ltd.";10253;"2023-06-17";"2023-07-01";14;"8-14 days"
323;"Down Under Souveniers, Inc";10254;"2023-06-19";"2023-07-10";21;"15-30 days"
323;"Down Under Souveniers, Inc";10254;"2023-06-19";"2022-07-20";-334;"negative days"
323;"Down Under Souveniers, Inc";10254;"2023-06-19";"2024-01-09";204;"60+ days"
209;"Mini Caravy";10255;"2023-06-20";"2023-07-07";17;"15-30 days"
209;"Mini Caravy";10255;"2023-06-20";"2023-05-20";-31;"negative days"
145;"Danish Wholesale Imports";10256;"2023-06-24";"2023-07-19";25;"15-30 days"
145;"Danish Wholesale Imports";10256;"2023-06-24";"2023-05-12";-43;"negative days"
145;"Danish Wholesale Imports";10256;"2023-06-24";"2023-12-17";176;"60+ days"
145;"Danish Wholesale Imports";10256;"2023-06-24";"2022-03-07";-474;"negative days"
450;"The Sharp Gifts Warehouse";10257;"2023-06-30";"2023-07-07";7;"0-7 days"
398;"Tokyo Collectables, Ltd";10258;"2023-07-01";"2024-03-01";244;"60+ days"
398;"Tokyo Collectables, Ltd";10258;"2023-07-01";"2023-07-07";6;"0-7 days"
398;"Tokyo Collectables, Ltd";10258;"2023-07-01";"2023-12-15";167;"60+ days"
166;"Handji Gifts& Co";10259;"2023-07-01";"2023-10-02";93;"60+ days"
166;"Handji Gifts& Co";10259;"2023-07-01";"2023-07-23";22;"15-30 days"
166;"Handji Gifts& Co";10259;"2023-07-01";"2023-03-15";-108;"negative days"
357;"GiftsForHim.com";10260;"2023-07-02";"2022-12-31";-183;"negative days"
357;"GiftsForHim.com";10260;"2023-07-02";"2023-05-31";-32;"negative days"
233;"Québec Home Shopping Network";10261;"2023-07-03";"2023-07-17";14;"8-14 days"
233;"Québec Home Shopping Network";10261;"2023-07-03";"2022-12-03";-212;"negative days"
141;"Euro+ Shopping Channel";10262;"2023-07-10";"2022-08-03";-341;"negative days"
141;"Euro+ Shopping Channel";10262;"2023-07-10";"2023-11-17";130;"60+ days"
141;"Euro+ Shopping Channel";10262;"2023-07-10";"2023-02-14";-146;"negative days"
141;"Euro+ Shopping Channel";10262;"2023-07-10";"2024-01-16";190;"60+ days"
141;"Euro+ Shopping Channel";10262;"2023-07-10";"2022-11-10";-242;"negative days"
141;"Euro+ Shopping Channel";10262;"2023-07-10";"2022-03-12";-485;"negative days"
141;"Euro+ Shopping Channel";10262;"2023-07-10";"2022-12-24";-198;"negative days"
141;"Euro+ Shopping Channel";10262;"2023-07-10";"2023-07-25";15;"15-30 days"
141;"Euro+ Shopping Channel";10262;"2023-07-10";"2023-09-01";53;"31-60 days"
141;"Euro+ Shopping Channel";10262;"2023-07-10";"2023-06-02";-38;"negative days"
175;"Gift Depot Inc.";10263;"2023-07-14";"2022-12-04";-222;"negative days"
175;"Gift Depot Inc.";10263;"2023-07-14";"2023-07-26";12;"8-14 days"
362;"Gifts4AllAges.com";10264;"2023-07-16";"2023-07-27";11;"8-14 days"
362;"Gifts4AllAges.com";10264;"2023-07-16";"2023-10-07";83;"60+ days"
471;"Australian Collectables, Ltd";10265;"2023-07-18";"2023-08-13";26;"15-30 days"
471;"Australian Collectables, Ltd";10265;"2023-07-18";"2022-12-25";-205;"negative days"
386;"L'ordine Souveniers";10266;"2023-07-22";"2022-12-03";-231;"negative days"
386;"L'ordine Souveniers";10266;"2023-07-22";"2023-08-03";12;"8-14 days"
151;"Muscle Machine Inc";10267;"2023-07-23";"2023-01-06";-198;"negative days"
151;"Muscle Machine Inc";10267;"2023-07-23";"2023-08-11";19;"15-30 days"
151;"Muscle Machine Inc";10267;"2023-07-23";"2022-07-03";-385;"negative days"
151;"Muscle Machine Inc";10267;"2023-07-23";"2023-12-30";160;"60+ days"
412;"Extreme Desk Decorations, Ltd";10268;"2023-07-28";"2023-08-10";13;"8-14 days"
412;"Extreme Desk Decorations, Ltd";10268;"2023-07-28";"2023-04-30";-89;"negative days"
382;"Salzburg Collectables";10269;"2023-08-01";"2022-05-27";-431;"negative days"
382;"Salzburg Collectables";10269;"2023-08-01";"2023-08-17";16;"15-30 days"
382;"Salzburg Collectables";10269;"2023-08-01";"2023-12-13";134;"60+ days"
282;"Souveniers And Things Co.";10270;"2023-08-04";"2022-08-18";-351;"negative days"
282;"Souveniers And Things Co.";10270;"2023-08-04";"2023-08-18";14;"8-14 days"
282;"Souveniers And Things Co.";10270;"2023-08-04";"2024-01-19";168;"60+ days"
124;"Mini Gifts Distributors Ltd.";10271;"2023-08-05";"2023-09-13";39;"31-60 days"
124;"Mini Gifts Distributors Ltd.";10271;"2023-08-05";"2022-04-26";-466;"negative days"
124;"Mini Gifts Distributors Ltd.";10271;"2023-08-05";"2024-01-12";160;"60+ days"
124;"Mini Gifts Distributors Ltd.";10271;"2023-08-05";"2023-11-18";105;"60+ days"
124;"Mini Gifts Distributors Ltd.";10271;"2023-08-05";"2022-08-30";-340;"negative days"
124;"Mini Gifts Distributors Ltd.";10271;"2023-08-05";"2023-04-11";-116;"negative days"
124;"Mini Gifts Distributors Ltd.";10271;"2023-08-05";"2022-12-10";-238;"negative days"
157;"Diecast Classics Inc.";10272;"2023-08-05";"2023-12-05";122;"60+ days"
157;"Diecast Classics Inc.";10272;"2023-08-05";"2023-09-23";49;"31-60 days"
314;"Petit Auto";10273;"2023-08-06";"2023-08-25";19;"15-30 days"
314;"Petit Auto";10273;"2023-08-06";"2023-03-19";-140;"negative days"
379;"Collectables For Less Inc.";10274;"2023-08-06";"2024-02-28";206;"60+ days"
379;"Collectables For Less Inc.";10274;"2023-08-06";"2022-10-01";-309;"negative days"
379;"Collectables For Less Inc.";10274;"2023-08-06";"2023-08-18";12;"8-14 days"
119;"La Rochelle Gifts";10275;"2023-08-08";"2023-11-30";114;"60+ days"
119;"La Rochelle Gifts";10275;"2023-08-08";"2023-08-24";16;"15-30 days"
119;"La Rochelle Gifts";10275;"2023-08-08";"2024-03-09";214;"60+ days"
204;"Online Mini Collectables";10276;"2023-08-18";"2023-08-29";11;"8-14 days"
204;"Online Mini Collectables";10276;"2023-08-18";"2023-10-10";53;"31-60 days"
148;"Dragon Souveniers, Ltd.";10277;"2023-08-20";"2022-05-07";-470;"negative days"
148;"Dragon Souveniers, Ltd.";10277;"2023-08-20";"2023-08-27";7;"0-7 days"
148;"Dragon Souveniers, Ltd.";10277;"2023-08-20";"2023-01-10";-222;"negative days"
112;"Signal Gift Stores";10278;"2023-08-22";"2024-01-02";133;"60+ days"
112;"Signal Gift Stores";10278;"2023-08-22";"2022-06-21";-427;"negative days"
112;"Signal Gift Stores";10278;"2023-08-22";"2023-09-05";14;"8-14 days"
141;"Euro+ Shopping Channel";10279;"2023-08-25";"2022-08-03";-387;"negative days"
141;"Euro+ Shopping Channel";10279;"2023-08-25";"2023-11-17";84;"60+ days"
141;"Euro+ Shopping Channel";10279;"2023-08-25";"2023-02-14";-192;"negative days"
141;"Euro+ Shopping Channel";10279;"2023-08-25";"2024-01-16";144;"60+ days"
141;"Euro+ Shopping Channel";10279;"2023-08-25";"2022-11-10";-288;"negative days"
141;"Euro+ Shopping Channel";10279;"2023-08-25";"2022-03-12";-531;"negative days"
141;"Euro+ Shopping Channel";10279;"2023-08-25";"2022-12-24";-244;"negative days"
141;"Euro+ Shopping Channel";10279;"2023-08-25";"2023-07-25";-31;"negative days"
141;"Euro+ Shopping Channel";10279;"2023-08-25";"2023-09-01";7;"0-7 days"
141;"Euro+ Shopping Channel";10279;"2023-08-25";"2023-06-02";-84;"negative days"
249;"Amica Models & Co.";10280;"2023-09-02";"2023-10-05";33;"31-60 days"
249;"Amica Models & Co.";10280;"2023-09-02";"2023-09-20";18;"15-30 days"
157;"Diecast Classics Inc.";10281;"2023-09-04";"2023-12-05";92;"60+ days"
157;"Diecast Classics Inc.";10281;"2023-09-04";"2023-09-23";19;"15-30 days"
124;"Mini Gifts Distributors Ltd.";10282;"2023-09-05";"2023-09-13";8;"8-14 days"
124;"Mini Gifts Distributors Ltd.";10282;"2023-09-05";"2022-04-26";-497;"negative days"
124;"Mini Gifts Distributors Ltd.";10282;"2023-09-05";"2024-01-12";129;"60+ days"
124;"Mini Gifts Distributors Ltd.";10282;"2023-09-05";"2023-11-18";74;"60+ days"
124;"Mini Gifts Distributors Ltd.";10282;"2023-09-05";"2022-08-30";-371;"negative days"
124;"Mini Gifts Distributors Ltd.";10282;"2023-09-05";"2023-04-11";-147;"negative days"
124;"Mini Gifts Distributors Ltd.";10282;"2023-09-05";"2022-12-10";-269;"negative days"
260;"Royal Canadian Collectables, Ltd.";10283;"2023-09-05";"2023-09-15";10;"8-14 days"
260;"Royal Canadian Collectables, Ltd.";10283;"2023-09-05";"2023-05-10";-118;"negative days"
299;"Norway Gifts By Mail, Co.";10284;"2023-09-06";"2022-11-08";-302;"negative days"
299;"Norway Gifts By Mail, Co.";10284;"2023-09-06";"2023-09-21";15;"15-30 days"
286;"Marta's Replicas Co.";10285;"2023-09-12";"2023-11-13";62;"60+ days"
286;"Marta's Replicas Co.";10285;"2023-09-12";"2023-09-21";9;"8-14 days"
172;"La Corne D'abondance, Co.";10286;"2023-09-13";"2023-09-25";12;"8-14 days"
172;"La Corne D'abondance, Co.";10286;"2023-09-13";"2023-12-20";98;"60+ days"
172;"La Corne D'abondance, Co.";10286;"2023-09-13";"2022-05-05";-496;"negative days"
298;"Vida Sport, Ltd";10287;"2023-09-15";"2023-03-29";-170;"negative days"
298;"Vida Sport, Ltd";10287;"2023-09-15";"2023-10-04";19;"15-30 days"
166;"Handji Gifts& Co";10288;"2023-09-17";"2023-10-02";15;"15-30 days"
166;"Handji Gifts& Co";10288;"2023-09-17";"2023-07-23";-56;"negative days"
166;"Handji Gifts& Co";10288;"2023-09-17";"2023-03-15";-186;"negative days"
167;"Herkku Gifts";10289;"2023-09-19";"2023-10-05";16;"15-30 days"
167;"Herkku Gifts";10289;"2023-09-19";"2022-12-18";-275;"negative days"
198;"Auto-Moto Classics Inc.";10290;"2023-09-23";"2023-12-22";90;"60+ days"
198;"Auto-Moto Classics Inc.";10290;"2023-09-23";"2022-07-21";-429;"negative days"
198;"Auto-Moto Classics Inc.";10290;"2023-09-23";"2023-10-07";14;"8-14 days"
448;"Scandinavian Gift Ideas";10291;"2023-09-24";"2023-10-16";22;"15-30 days"
131;"Land of Toys Inc.";10292;"2023-09-24";"2022-03-27";-546;"negative days"
131;"Land of Toys Inc.";10292;"2023-09-24";"2023-12-18";85;"60+ days"
131;"Land of Toys Inc.";10292;"2023-09-24";"2023-09-27";3;"0-7 days"
249;"Amica Models & Co.";10293;"2023-09-25";"2023-10-05";10;"8-14 days"
249;"Amica Models & Co.";10293;"2023-09-25";"2023-09-20";-5;"negative days"
204;"Online Mini Collectables";10294;"2023-09-26";"2023-08-29";-28;"negative days"
204;"Online Mini Collectables";10294;"2023-09-26";"2023-10-10";14;"8-14 days"
362;"Gifts4AllAges.com";10295;"2023-09-26";"2023-07-27";-61;"negative days"
362;"Gifts4AllAges.com";10295;"2023-09-26";"2023-10-07";11;"8-14 days"
415;"Bavarian Collectables Imports, Co.";10296;"2023-10-01";"2023-10-14";13;"8-14 days"
189;"Clover Collections, Co.";10297;"2023-10-02";"2023-10-19";17;"15-30 days"
189;"Clover Collections, Co.";10297;"2023-10-02";"2023-03-17";-199;"negative days"
103;"Atelier graphique";10298;"2023-10-13";"2023-11-04";22;"15-30 days"
103;"Atelier graphique";10298;"2023-10-13";"2022-06-20";-480;"negative days"
103;"Atelier graphique";10298;"2023-10-13";"2024-01-03";82;"60+ days"
186;"Toys of Finland, Co.";10299;"2023-10-16";"2022-11-11";-339;"negative days"
186;"Toys of Finland, Co.";10299;"2023-10-16";"2023-11-06";21;"15-30 days"
128;"Blauer See Auto, Co.";10300;"2022-10-19";"2022-02-12";-249;"negative days"
128;"Blauer See Auto, Co.";10300;"2022-10-19";"2022-11-02";14;"8-14 days"
128;"Blauer See Auto, Co.";10300;"2022-10-19";"2023-04-09";172;"60+ days"
128;"Blauer See Auto, Co.";10300;"2022-10-19";"2023-12-04";411;"60+ days"
299;"Norway Gifts By Mail, Co.";10301;"2022-10-20";"2022-11-08";19;"15-30 days"
299;"Norway Gifts By Mail, Co.";10301;"2022-10-20";"2023-09-21";336;"60+ days"
201;"UK Collectables, Ltd.";10302;"2022-10-21";"2022-11-04";14;"8-14 days"
201;"UK Collectables, Ltd.";10302;"2022-10-21";"2023-07-01";253;"60+ days"
484;"Iberia Gift Imports, Corp.";10303;"2023-10-22";"2023-11-11";20;"15-30 days"
484;"Iberia Gift Imports, Corp.";10303;"2023-10-22";"2022-12-14";-312;"negative days"
256;"Auto Associés & Cie.";10304;"2023-10-27";"2023-02-25";-244;"negative days"
256;"Auto Associés & Cie.";10304;"2023-10-27";"2023-11-07";11;"8-14 days"
286;"Marta's Replicas Co.";10305;"2023-10-29";"2023-11-13";15;"15-30 days"
286;"Marta's Replicas Co.";10305;"2023-10-29";"2023-09-21";-38;"negative days"
187;"AV Stores, Co.";10306;"2023-10-30";"2023-11-19";20;"15-30 days"
187;"AV Stores, Co.";10306;"2023-10-30";"2023-12-24";55;"31-60 days"
187;"AV Stores, Co.";10306;"2023-10-30";"2022-04-11";-567;"negative days"
339;"Classic Gift Ideas, Inc";10307;"2023-10-30";"2023-11-09";10;"8-14 days"
339;"Classic Gift Ideas, Inc";10307;"2023-10-30";"2022-12-13";-321;"negative days"
319;"Mini Classics";10308;"2023-10-31";"2023-11-22";22;"15-30 days"
319;"Mini Classics";10308;"2023-10-31";"2022-12-22";-313;"negative days"
121;"Baane Mini Imports";10309;"2023-10-31";"2022-03-03";-607;"negative days"
121;"Baane Mini Imports";10309;"2023-10-31";"2022-11-12";-353;"negative days"
121;"Baane Mini Imports";10309;"2023-10-31";"2023-11-20";20;"15-30 days"
121;"Baane Mini Imports";10309;"2023-10-31";"2023-12-14";44;"31-60 days"
259;"Toms Spezialitäten, Ltd";10310;"2023-11-01";"2023-11-22";21;"15-30 days"
259;"Toms Spezialitäten, Ltd";10310;"2023-11-01";"2022-12-22";-314;"negative days"
141;"Euro+ Shopping Channel";10311;"2023-11-01";"2022-08-03";-455;"negative days"
141;"Euro+ Shopping Channel";10311;"2023-11-01";"2023-11-17";16;"15-30 days"
141;"Euro+ Shopping Channel";10311;"2023-11-01";"2023-02-14";-260;"negative days"
141;"Euro+ Shopping Channel";10311;"2023-11-01";"2024-01-16";76;"60+ days"
141;"Euro+ Shopping Channel";10311;"2023-11-01";"2022-11-10";-356;"negative days"
141;"Euro+ Shopping Channel";10311;"2023-11-01";"2022-03-12";-599;"negative days"
141;"Euro+ Shopping Channel";10311;"2023-11-01";"2022-12-24";-312;"negative days"
141;"Euro+ Shopping Channel";10311;"2023-11-01";"2023-07-25";-99;"negative days"
141;"Euro+ Shopping Channel";10311;"2023-11-01";"2023-09-01";-61;"negative days"
141;"Euro+ Shopping Channel";10311;"2023-11-01";"2023-06-02";-152;"negative days"
124;"Mini Gifts Distributors Ltd.";10312;"2023-11-06";"2023-09-13";-54;"negative days"
124;"Mini Gifts Distributors Ltd.";10312;"2023-11-06";"2022-04-26";-559;"negative days"
124;"Mini Gifts Distributors Ltd.";10312;"2023-11-06";"2024-01-12";67;"60+ days"
124;"Mini Gifts Distributors Ltd.";10312;"2023-11-06";"2023-11-18";12;"8-14 days"
124;"Mini Gifts Distributors Ltd.";10312;"2023-11-06";"2022-08-30";-433;"negative days"
124;"Mini Gifts Distributors Ltd.";10312;"2023-11-06";"2023-04-11";-209;"negative days"
124;"Mini Gifts Distributors Ltd.";10312;"2023-11-06";"2022-12-10";-331;"negative days"
202;"Canadian Gift Exchange Network";10313;"2023-11-07";"2023-01-02";-309;"negative days"
202;"Canadian Gift Exchange Network";10313;"2023-11-07";"2023-11-24";17;"15-30 days"
227;"Heintze Collectables";10314;"2023-11-07";"2022-11-15";-357;"negative days"
227;"Heintze Collectables";10314;"2023-11-07";"2023-11-18";11;"8-14 days"
119;"La Rochelle Gifts";10315;"2023-11-14";"2023-11-30";16;"15-30 days"
119;"La Rochelle Gifts";10315;"2023-11-14";"2023-08-24";-82;"negative days"
119;"La Rochelle Gifts";10315;"2023-11-14";"2024-03-09";116;"60+ days"
240;"giftsbymail.co.uk";10316;"2023-11-17";"2023-12-02";15;"15-30 days"
240;"giftsbymail.co.uk";10316;"2023-11-17";"2023-04-13";-218;"negative days"
161;"Technics Stores Inc.";10317;"2023-11-18";"2023-11-30";12;"8-14 days"
161;"Technics Stores Inc.";10317;"2023-11-18";"2022-12-03";-350;"negative days"
161;"Technics Stores Inc.";10317;"2023-11-18";"2024-02-18";92;"60+ days"
161;"Technics Stores Inc.";10317;"2023-11-18";"2022-08-20";-455;"negative days"
157;"Diecast Classics Inc.";10318;"2023-11-18";"2023-12-05";17;"15-30 days"
157;"Diecast Classics Inc.";10318;"2023-11-18";"2023-09-23";-56;"negative days"
456;"Microscale Inc.";10319;"2023-11-19";"2023-11-29";10;"8-14 days"
456;"Microscale Inc.";10319;"2023-11-19";"2023-05-16";-187;"negative days"
144;"Volvo Model Replicas, Co";10320;"2023-11-19";"2023-12-28";39;"31-60 days"
144;"Volvo Model Replicas, Co";10320;"2023-11-19";"2022-04-24";-574;"negative days"
462;"FunGiftIdeas.com";10321;"2023-11-20";"2022-11-23";-362;"negative days"
462;"FunGiftIdeas.com";10321;"2023-11-20";"2023-12-13";23;"15-30 days"
363;"Online Diecast Creations Co.";10322;"2023-11-20";"2023-12-03";13;"8-14 days"
363;"Online Diecast Creations Co.";10322;"2023-11-20";"2022-01-31";-658;"negative days"
363;"Online Diecast Creations Co.";10322;"2023-11-20";"2022-12-20";-335;"negative days"
128;"Blauer See Auto, Co.";10323;"2023-11-21";"2022-02-12";-647;"negative days"
128;"Blauer See Auto, Co.";10323;"2023-11-21";"2022-11-02";-384;"negative days"
128;"Blauer See Auto, Co.";10323;"2023-11-21";"2023-04-09";-226;"negative days"
128;"Blauer See Auto, Co.";10323;"2023-11-21";"2023-12-04";13;"8-14 days"
181;"Vitachrome Inc.";10324;"2023-11-21";"2023-05-11";-194;"negative days"
181;"Vitachrome Inc.";10324;"2023-11-21";"2022-02-14";-645;"negative days"
181;"Vitachrome Inc.";10324;"2023-11-21";"2023-12-02";11;"8-14 days"
121;"Baane Mini Imports";10325;"2023-11-21";"2022-03-03";-628;"negative days"
121;"Baane Mini Imports";10325;"2023-11-21";"2022-11-12";-374;"negative days"
121;"Baane Mini Imports";10325;"2023-11-21";"2023-11-20";-1;"negative days"
121;"Baane Mini Imports";10325;"2023-11-21";"2023-12-14";23;"15-30 days"
144;"Volvo Model Replicas, Co";10326;"2023-11-25";"2023-12-28";33;"31-60 days"
144;"Volvo Model Replicas, Co";10326;"2023-11-25";"2022-04-24";-580;"negative days"
145;"Danish Wholesale Imports";10327;"2023-11-26";"2023-07-19";-130;"negative days"
145;"Danish Wholesale Imports";10327;"2023-11-26";"2023-05-12";-198;"negative days"
145;"Danish Wholesale Imports";10327;"2023-11-26";"2023-12-17";21;"15-30 days"
145;"Danish Wholesale Imports";10327;"2023-11-26";"2022-03-07";-629;"negative days"
278;"Rovelli Gifts";10328;"2023-11-28";"2023-12-21";23;"15-30 days"
278;"Rovelli Gifts";10328;"2023-11-28";"2022-03-17";-621;"negative days"
278;"Rovelli Gifts";10328;"2023-11-28";"2022-12-09";-354;"negative days"
131;"Land of Toys Inc.";10329;"2023-12-01";"2022-03-27";-614;"negative days"
131;"Land of Toys Inc.";10329;"2023-12-01";"2023-12-18";17;"15-30 days"
131;"Land of Toys Inc.";10329;"2023-12-01";"2023-09-27";-65;"negative days"
385;"Cruz & Sons Co.";10330;"2023-12-02";"2022-12-17";-350;"negative days"
385;"Cruz & Sons Co.";10330;"2023-12-02";"2023-12-05";3;"0-7 days"
385;"Cruz & Sons Co.";10330;"2023-12-02";"2022-03-24";-618;"negative days"
486;"Motor Mint Distributors Inc.";10331;"2023-12-03";"2023-04-30";-217;"negative days"
486;"Motor Mint Distributors Inc.";10331;"2023-12-03";"2023-12-09";6;"0-7 days"
486;"Motor Mint Distributors Inc.";10331;"2023-12-03";"2022-04-04";-608;"negative days"
187;"AV Stores, Co.";10332;"2023-12-03";"2023-11-19";-14;"negative days"
187;"AV Stores, Co.";10332;"2023-12-03";"2023-12-24";21;"15-30 days"
187;"AV Stores, Co.";10332;"2023-12-03";"2022-04-11";-601;"negative days"
129;"Mini Wheels Co.";10333;"2023-12-04";"2023-12-24";20;"15-30 days"
129;"Mini Wheels Co.";10333;"2023-12-04";"2022-12-26";-343;"negative days"
129;"Mini Wheels Co.";10333;"2023-12-04";"2022-04-24";-589;"negative days"
144;"Volvo Model Replicas, Co";10334;"2023-12-05";"2023-12-28";23;"15-30 days"
144;"Volvo Model Replicas, Co";10334;"2023-12-05";"2022-04-24";-590;"negative days"
124;"Mini Gifts Distributors Ltd.";10335;"2023-12-05";"2023-09-13";-83;"negative days"
124;"Mini Gifts Distributors Ltd.";10335;"2023-12-05";"2022-04-26";-588;"negative days"
124;"Mini Gifts Distributors Ltd.";10335;"2023-12-05";"2024-01-12";38;"31-60 days"
124;"Mini Gifts Distributors Ltd.";10335;"2023-12-05";"2023-11-18";-17;"negative days"
124;"Mini Gifts Distributors Ltd.";10335;"2023-12-05";"2022-08-30";-462;"negative days"
124;"Mini Gifts Distributors Ltd.";10335;"2023-12-05";"2023-04-11";-238;"negative days"
124;"Mini Gifts Distributors Ltd.";10335;"2023-12-05";"2022-12-10";-360;"negative days"
172;"La Corne D'abondance, Co.";10336;"2023-12-06";"2023-09-25";-72;"negative days"
172;"La Corne D'abondance, Co.";10336;"2023-12-06";"2023-12-20";14;"8-14 days"
172;"La Corne D'abondance, Co.";10336;"2023-12-06";"2022-05-05";-580;"negative days"
424;"Classic Legends Inc.";10337;"2023-12-07";"2023-12-23";16;"15-30 days"
424;"Classic Legends Inc.";10337;"2023-12-07";"2022-05-01";-585;"negative days"
424;"Classic Legends Inc.";10337;"2023-12-07";"2022-11-15";-387;"negative days"
381;"Royale Belge";10338;"2023-12-08";"2023-12-19";11;"8-14 days"
381;"Royale Belge";10338;"2023-12-08";"2022-05-04";-583;"negative days"
381;"Royale Belge";10338;"2023-12-08";"2024-02-19";73;"60+ days"
381;"Royale Belge";10338;"2023-12-08";"2022-09-06";-458;"negative days"
398;"Tokyo Collectables, Ltd";10339;"2023-12-09";"2024-03-01";83;"60+ days"
398;"Tokyo Collectables, Ltd";10339;"2023-12-09";"2023-07-07";-155;"negative days"
398;"Tokyo Collectables, Ltd";10339;"2023-12-09";"2023-12-15";6;"0-7 days"
216;"Enaco Distributors";10340;"2023-12-10";"2022-05-24";-565;"negative days"
216;"Enaco Distributors";10340;"2023-12-10";"2023-12-22";12;"8-14 days"
216;"Enaco Distributors";10340;"2023-12-10";"2022-12-29";-346;"negative days"
382;"Salzburg Collectables";10341;"2023-12-10";"2022-05-27";-562;"negative days"
382;"Salzburg Collectables";10341;"2023-12-10";"2023-08-17";-115;"negative days"
382;"Salzburg Collectables";10341;"2023-12-10";"2023-12-13";3;"0-7 days"
114;"Australian Collectors, Co.";10342;"2023-12-10";"2022-06-04";-554;"negative days"
114;"Australian Collectors, Co.";10342;"2023-12-10";"2023-12-31";21;"15-30 days"
114;"Australian Collectors, Co.";10342;"2023-12-10";"2022-06-15";-543;"negative days"
114;"Australian Collectors, Co.";10342;"2023-12-10";"2023-03-26";-259;"negative days"
353;"Reims Collectables";10343;"2023-12-10";"2024-01-26";47;"31-60 days"
353;"Reims Collectables";10343;"2023-12-10";"2022-08-05";-492;"negative days"
353;"Reims Collectables";10343;"2023-12-10";"2022-06-05";-553;"negative days"
350;"Marseille Mini Autos";10344;"2023-12-11";"2023-12-27";16;"15-30 days"
350;"Marseille Mini Autos";10344;"2023-12-11";"2022-06-09";-550;"negative days"
350;"Marseille Mini Autos";10344;"2023-12-11";"2024-02-14";65;"60+ days"
103;"Atelier graphique";10345;"2023-12-11";"2023-11-04";-37;"negative days"
103;"Atelier graphique";10345;"2023-12-11";"2022-06-20";-539;"negative days"
103;"Atelier graphique";10345;"2023-12-11";"2024-01-03";23;"15-30 days"
112;"Signal Gift Stores";10346;"2023-12-15";"2024-01-02";18;"15-30 days"
112;"Signal Gift Stores";10346;"2023-12-15";"2022-06-21";-542;"negative days"
112;"Signal Gift Stores";10346;"2023-12-15";"2023-09-05";-101;"negative days"
114;"Australian Collectors, Co.";10347;"2023-12-15";"2022-06-04";-559;"negative days"
114;"Australian Collectors, Co.";10347;"2023-12-15";"2023-12-31";16;"15-30 days"
114;"Australian Collectors, Co.";10347;"2023-12-15";"2022-06-15";-548;"negative days"
114;"Australian Collectors, Co.";10347;"2023-12-15";"2023-03-26";-264;"negative days"
458;"Corrida Auto Replicas, Ltd";10348;"2023-11-17";"2023-12-01";14;"8-14 days"
458;"Corrida Auto Replicas, Ltd";10348;"2023-11-17";"2023-02-21";-269;"negative days"
458;"Corrida Auto Replicas, Ltd";10348;"2023-11-17";"2022-06-28";-507;"negative days"
151;"Muscle Machine Inc";10349;"2023-12-17";"2023-01-06";-345;"negative days"
151;"Muscle Machine Inc";10349;"2023-12-17";"2023-08-11";-128;"negative days"
151;"Muscle Machine Inc";10349;"2023-12-17";"2022-07-03";-532;"negative days"
151;"Muscle Machine Inc";10349;"2023-12-17";"2023-12-30";13;"8-14 days"
141;"Euro+ Shopping Channel";10350;"2023-12-18";"2022-08-03";-502;"negative days"
141;"Euro+ Shopping Channel";10350;"2023-12-18";"2023-11-17";-31;"negative days"
141;"Euro+ Shopping Channel";10350;"2023-12-18";"2023-02-14";-307;"negative days"
141;"Euro+ Shopping Channel";10350;"2023-12-18";"2024-01-16";29;"15-30 days"
141;"Euro+ Shopping Channel";10350;"2023-12-18";"2022-11-10";-403;"negative days"
141;"Euro+ Shopping Channel";10350;"2023-12-18";"2022-03-12";-646;"negative days"
141;"Euro+ Shopping Channel";10350;"2023-12-18";"2022-12-24";-359;"negative days"
141;"Euro+ Shopping Channel";10350;"2023-12-18";"2023-07-25";-146;"negative days"
141;"Euro+ Shopping Channel";10350;"2023-12-18";"2023-09-01";-108;"negative days"
141;"Euro+ Shopping Channel";10350;"2023-12-18";"2023-06-02";-199;"negative days"
324;"Stylish Desk Decors, Co.";10351;"2023-12-19";"2023-12-29";10;"8-14 days"
324;"Stylish Desk Decors, Co.";10351;"2023-12-19";"2022-07-22";-515;"negative days"
324;"Stylish Desk Decors, Co.";10351;"2023-12-19";"2022-12-08";-376;"negative days"
198;"Auto-Moto Classics Inc.";10352;"2023-12-19";"2023-12-22";3;"0-7 days"
198;"Auto-Moto Classics Inc.";10352;"2023-12-19";"2022-07-21";-516;"negative days"
198;"Auto-Moto Classics Inc.";10352;"2023-12-19";"2023-10-07";-73;"negative days"
447;"Gift Ideas Corp.";10353;"2023-12-20";"2022-09-30";-446;"negative days"
447;"Gift Ideas Corp.";10353;"2023-12-20";"2022-07-10";-528;"negative days"
447;"Gift Ideas Corp.";10353;"2023-12-20";"2024-01-02";13;"8-14 days"
323;"Down Under Souveniers, Inc";10354;"2023-12-20";"2023-07-10";-163;"negative days"
323;"Down Under Souveniers, Inc";10354;"2023-12-20";"2022-07-20";-518;"negative days"
323;"Down Under Souveniers, Inc";10354;"2023-12-20";"2024-01-09";20;"15-30 days"
141;"Euro+ Shopping Channel";10355;"2023-12-23";"2022-08-03";-507;"negative days"
141;"Euro+ Shopping Channel";10355;"2023-12-23";"2023-11-17";-36;"negative days"
141;"Euro+ Shopping Channel";10355;"2023-12-23";"2023-02-14";-312;"negative days"
141;"Euro+ Shopping Channel";10355;"2023-12-23";"2024-01-16";24;"15-30 days"
141;"Euro+ Shopping Channel";10355;"2023-12-23";"2022-11-10";-408;"negative days"
141;"Euro+ Shopping Channel";10355;"2023-12-23";"2022-03-12";-651;"negative days"
141;"Euro+ Shopping Channel";10355;"2023-12-23";"2022-12-24";-364;"negative days"
141;"Euro+ Shopping Channel";10355;"2023-12-23";"2023-07-25";-151;"negative days"
141;"Euro+ Shopping Channel";10355;"2023-12-23";"2023-09-01";-113;"negative days"
141;"Euro+ Shopping Channel";10355;"2023-12-23";"2023-06-02";-204;"negative days"
250;"Lyon Souveniers";10356;"2023-12-25";"2024-01-15";21;"15-30 days"
250;"Lyon Souveniers";10356;"2023-12-25";"2022-08-02";-510;"negative days"
124;"Mini Gifts Distributors Ltd.";10357;"2023-12-26";"2023-09-13";-104;"negative days"
124;"Mini Gifts Distributors Ltd.";10357;"2023-12-26";"2022-04-26";-609;"negative days"
124;"Mini Gifts Distributors Ltd.";10357;"2023-12-26";"2024-01-12";17;"15-30 days"
124;"Mini Gifts Distributors Ltd.";10357;"2023-12-26";"2023-11-18";-38;"negative days"
124;"Mini Gifts Distributors Ltd.";10357;"2023-12-26";"2022-08-30";-483;"negative days"
124;"Mini Gifts Distributors Ltd.";10357;"2023-12-26";"2023-04-11";-259;"negative days"
124;"Mini Gifts Distributors Ltd.";10357;"2023-12-26";"2022-12-10";-381;"negative days"
141;"Euro+ Shopping Channel";10358;"2023-12-26";"2022-08-03";-510;"negative days"
141;"Euro+ Shopping Channel";10358;"2023-12-26";"2023-11-17";-39;"negative days"
141;"Euro+ Shopping Channel";10358;"2023-12-26";"2023-02-14";-315;"negative days"
141;"Euro+ Shopping Channel";10358;"2023-12-26";"2024-01-16";21;"15-30 days"
141;"Euro+ Shopping Channel";10358;"2023-12-26";"2022-11-10";-411;"negative days"
141;"Euro+ Shopping Channel";10358;"2023-12-26";"2022-03-12";-654;"negative days"
141;"Euro+ Shopping Channel";10358;"2023-12-26";"2022-12-24";-367;"negative days"
141;"Euro+ Shopping Channel";10358;"2023-12-26";"2023-07-25";-154;"negative days"
141;"Euro+ Shopping Channel";10358;"2023-12-26";"2023-09-01";-116;"negative days"
141;"Euro+ Shopping Channel";10358;"2023-12-26";"2023-06-02";-207;"negative days"
353;"Reims Collectables";10359;"2023-12-31";"2024-01-26";26;"15-30 days"
353;"Reims Collectables";10359;"2023-12-31";"2022-08-05";-513;"negative days"
353;"Reims Collectables";10359;"2023-12-31";"2022-06-05";-574;"negative days"
496;"Kelly's Gift Shop";10360;"2024-01-01";"2022-07-31";-519;"negative days"
496;"Kelly's Gift Shop";10360;"2024-01-01";"2024-01-16";15;"15-30 days"
282;"Souveniers And Things Co.";10361;"2024-01-02";"2022-08-18";-502;"negative days"
282;"Souveniers And Things Co.";10361;"2024-01-02";"2023-08-18";-137;"negative days"
282;"Souveniers And Things Co.";10361;"2024-01-02";"2024-01-19";17;"15-30 days"
161;"Technics Stores Inc.";10362;"2024-01-21";"2023-11-30";-52;"negative days"
161;"Technics Stores Inc.";10362;"2024-01-21";"2022-12-03";-414;"negative days"
161;"Technics Stores Inc.";10362;"2024-01-21";"2024-02-18";28;"15-30 days"
161;"Technics Stores Inc.";10362;"2024-01-21";"2022-08-20";-519;"negative days"
334;"Suominen Souveniers";10363;"2024-01-22";"2024-02-12";21;"15-30 days"
334;"Suominen Souveniers";10363;"2024-01-22";"2022-08-31";-509;"negative days"
334;"Suominen Souveniers";10363;"2024-01-22";"2023-06-07";-229;"negative days"
350;"Marseille Mini Autos";10364;"2024-01-22";"2023-12-27";-26;"negative days"
350;"Marseille Mini Autos";10364;"2024-01-22";"2022-06-09";-592;"negative days"
350;"Marseille Mini Autos";10364;"2024-01-22";"2024-02-14";23;"15-30 days"
320;"Mini Creations Ltd.";10365;"2024-01-23";"2024-02-03";11;"8-14 days"
320;"Mini Creations Ltd.";10365;"2024-01-23";"2022-09-04";-506;"negative days"
320;"Mini Creations Ltd.";10365;"2024-01-23";"2022-12-09";-410;"negative days"
381;"Royale Belge";10366;"2024-01-26";"2023-12-19";-38;"negative days"
381;"Royale Belge";10366;"2024-01-26";"2022-05-04";-632;"negative days"
381;"Royale Belge";10366;"2024-01-26";"2024-02-19";24;"15-30 days"
381;"Royale Belge";10366;"2024-01-26";"2022-09-06";-507;"negative days"
205;"Toys4GrownUps.com";10367;"2024-01-28";"2022-12-19";-405;"negative days"
205;"Toys4GrownUps.com";10367;"2024-01-28";"2022-09-20";-495;"negative days"
205;"Toys4GrownUps.com";10367;"2024-01-28";"2024-02-22";25;"15-30 days"
124;"Mini Gifts Distributors Ltd.";10368;"2024-02-04";"2023-09-13";-144;"negative days"
124;"Mini Gifts Distributors Ltd.";10368;"2024-02-04";"2022-04-26";-649;"negative days"
124;"Mini Gifts Distributors Ltd.";10368;"2024-02-04";"2024-01-12";-23;"negative days"
124;"Mini Gifts Distributors Ltd.";10368;"2024-02-04";"2023-11-18";-78;"negative days"
124;"Mini Gifts Distributors Ltd.";10368;"2024-02-04";"2022-08-30";-523;"negative days"
124;"Mini Gifts Distributors Ltd.";10368;"2024-02-04";"2023-04-11";-299;"negative days"
124;"Mini Gifts Distributors Ltd.";10368;"2024-02-04";"2022-12-10";-421;"negative days"
379;"Collectables For Less Inc.";10369;"2024-02-05";"2024-02-28";23;"15-30 days"
379;"Collectables For Less Inc.";10369;"2024-02-05";"2022-10-01";-492;"negative days"
379;"Collectables For Less Inc.";10369;"2024-02-05";"2023-08-18";-171;"negative days"
276;"Anna's Decorations, Ltd";10370;"2024-02-05";"2024-02-25";20;"15-30 days"
276;"Anna's Decorations, Ltd";10370;"2024-02-05";"2022-11-28";-434;"negative days"
276;"Anna's Decorations, Ltd";10370;"2024-02-05";"2022-10-13";-480;"negative days"
124;"Mini Gifts Distributors Ltd.";10371;"2024-02-08";"2023-09-13";-148;"negative days"
124;"Mini Gifts Distributors Ltd.";10371;"2024-02-08";"2022-04-26";-653;"negative days"
124;"Mini Gifts Distributors Ltd.";10371;"2024-02-08";"2024-01-12";-27;"negative days"
124;"Mini Gifts Distributors Ltd.";10371;"2024-02-08";"2023-11-18";-82;"negative days"
124;"Mini Gifts Distributors Ltd.";10371;"2024-02-08";"2022-08-30";-527;"negative days"
124;"Mini Gifts Distributors Ltd.";10371;"2024-02-08";"2023-04-11";-303;"negative days"
124;"Mini Gifts Distributors Ltd.";10371;"2024-02-08";"2022-12-10";-425;"negative days"
398;"Tokyo Collectables, Ltd";10372;"2024-02-11";"2024-03-01";19;"15-30 days"
398;"Tokyo Collectables, Ltd";10372;"2024-02-11";"2023-07-07";-219;"negative days"
398;"Tokyo Collectables, Ltd";10372;"2024-02-11";"2023-12-15";-58;"negative days"
311;"Oulu Toy Supplies, Inc.";10373;"2024-02-16";"2024-03-02";15;"15-30 days"
311;"Oulu Toy Supplies, Inc.";10373;"2024-02-16";"2022-10-21";-483;"negative days"
311;"Oulu Toy Supplies, Inc.";10373;"2024-02-16";"2023-05-11";-281;"negative days"
333;"Australian Gift Network, Co";10374;"2024-02-18";"2022-11-30";-445;"negative days"
333;"Australian Gift Network, Co";10374;"2024-02-18";"2022-11-01";-474;"negative days"
119;"La Rochelle Gifts";10375;"2024-02-19";"2023-11-30";-81;"negative days"
119;"La Rochelle Gifts";10375;"2024-02-19";"2023-08-24";-179;"negative days"
119;"La Rochelle Gifts";10375;"2024-02-19";"2024-03-09";19;"15-30 days"
219;"Boards & Toys Co.";10376;"2024-02-24";"2022-11-02";-479;"negative days"
186;"Toys of Finland, Co.";10377;"2024-02-25";"2022-11-11";-471;"negative days"
186;"Toys of Finland, Co.";10377;"2024-02-25";"2023-11-06";-111;"negative days"
141;"Euro+ Shopping Channel";10378;"2024-02-26";"2022-08-03";-572;"negative days"
141;"Euro+ Shopping Channel";10378;"2024-02-26";"2023-11-17";-101;"negative days"
141;"Euro+ Shopping Channel";10378;"2024-02-26";"2023-02-14";-377;"negative days"
141;"Euro+ Shopping Channel";10378;"2024-02-26";"2024-01-16";-41;"negative days"
141;"Euro+ Shopping Channel";10378;"2024-02-26";"2022-11-10";-473;"negative days"
141;"Euro+ Shopping Channel";10378;"2024-02-26";"2022-03-12";-716;"negative days"
141;"Euro+ Shopping Channel";10378;"2024-02-26";"2022-12-24";-429;"negative days"
141;"Euro+ Shopping Channel";10378;"2024-02-26";"2023-07-25";-216;"negative days"
141;"Euro+ Shopping Channel";10378;"2024-02-26";"2023-09-01";-178;"negative days"
141;"Euro+ Shopping Channel";10378;"2024-02-26";"2023-06-02";-269;"negative days"
141;"Euro+ Shopping Channel";10379;"2024-02-26";"2022-08-03";-572;"negative days"
141;"Euro+ Shopping Channel";10379;"2024-02-26";"2023-11-17";-101;"negative days"
141;"Euro+ Shopping Channel";10379;"2024-02-26";"2023-02-14";-377;"negative days"
141;"Euro+ Shopping Channel";10379;"2024-02-26";"2024-01-16";-41;"negative days"
141;"Euro+ Shopping Channel";10379;"2024-02-26";"2022-11-10";-473;"negative days"
141;"Euro+ Shopping Channel";10379;"2024-02-26";"2022-03-12";-716;"negative days"
141;"Euro+ Shopping Channel";10379;"2024-02-26";"2022-12-24";-429;"negative days"
141;"Euro+ Shopping Channel";10379;"2024-02-26";"2023-07-25";-216;"negative days"
141;"Euro+ Shopping Channel";10379;"2024-02-26";"2023-09-01";-178;"negative days"
141;"Euro+ Shopping Channel";10379;"2024-02-26";"2023-06-02";-269;"negative days"
141;"Euro+ Shopping Channel";10380;"2024-03-03";"2022-08-03";-578;"negative days"
141;"Euro+ Shopping Channel";10380;"2024-03-03";"2023-11-17";-107;"negative days"
141;"Euro+ Shopping Channel";10380;"2024-03-03";"2023-02-14";-383;"negative days"
141;"Euro+ Shopping Channel";10380;"2024-03-03";"2024-01-16";-47;"negative days"
141;"Euro+ Shopping Channel";10380;"2024-03-03";"2022-11-10";-479;"negative days"
141;"Euro+ Shopping Channel";10380;"2024-03-03";"2022-03-12";-722;"negative days"
141;"Euro+ Shopping Channel";10380;"2024-03-03";"2022-12-24";-435;"negative days"
141;"Euro+ Shopping Channel";10380;"2024-03-03";"2023-07-25";-222;"negative days"
141;"Euro+ Shopping Channel";10380;"2024-03-03";"2023-09-01";-184;"negative days"
141;"Euro+ Shopping Channel";10380;"2024-03-03";"2023-06-02";-275;"negative days"
321;"Corporate Gift Ideas Co.";10381;"2024-03-04";"2022-11-18";-472;"negative days"
124;"Mini Gifts Distributors Ltd.";10382;"2024-03-04";"2023-09-13";-173;"negative days"
124;"Mini Gifts Distributors Ltd.";10382;"2024-03-04";"2022-04-26";-678;"negative days"
124;"Mini Gifts Distributors Ltd.";10382;"2024-03-04";"2024-01-12";-52;"negative days"
124;"Mini Gifts Distributors Ltd.";10382;"2024-03-04";"2023-11-18";-107;"negative days"
124;"Mini Gifts Distributors Ltd.";10382;"2024-03-04";"2022-08-30";-552;"negative days"
124;"Mini Gifts Distributors Ltd.";10382;"2024-03-04";"2023-04-11";-328;"negative days"
124;"Mini Gifts Distributors Ltd.";10382;"2024-03-04";"2022-12-10";-450;"negative days"
