"orderNumber";"employeeNumber";"lastName";"orderDate";"paymentDate";"delai_paiement";"tranche_delai"
10100;1216;"Patterson";"2022-01-21";"2023-12-03";11082;"Plus de 60 jrs"
10100;1216;"Patterson";"2022-01-21";"2022-01-31";10;"8-14 jrs"
10100;1216;"Patterson";"2022-01-21";"2022-12-20";1099;"Plus de 60 jrs"
10101;1504;"Jones";"2022-01-24";"2022-02-12";88;"Plus de 60 jrs"
10101;1504;"Jones";"2022-01-24";"2022-11-02";978;"Plus de 60 jrs"
10101;1504;"Jones";"2022-01-24";"2023-04-09";10285;"Plus de 60 jrs"
10101;1504;"Jones";"2022-01-24";"2023-12-04";11080;"Plus de 60 jrs"
10102;1286;"Tseng";"2022-01-25";"2023-05-11";10386;"Plus de 60 jrs"
10102;1286;"Tseng";"2022-01-25";"2022-02-14";89;"Plus de 60 jrs"
10102;1286;"Tseng";"2022-01-25";"2023-12-02";11077;"Plus de 60 jrs"
10103;1504;"Jones";"2022-02-13";"2022-03-03";90;"Plus de 60 jrs"
10103;1504;"Jones";"2022-02-13";"2022-11-12";899;"Plus de 60 jrs"
10103;1504;"Jones";"2022-02-13";"2023-11-20";10907;"Plus de 60 jrs"
10103;1504;"Jones";"2022-02-13";"2023-12-14";11001;"Plus de 60 jrs"
10104;1370;"Hernandez";"2022-02-15";"2022-08-03";588;"Plus de 60 jrs"
10104;1370;"Hernandez";"2022-02-15";"2023-11-17";10902;"Plus de 60 jrs"
10104;1370;"Hernandez";"2022-02-15";"2023-02-14";9999;"Plus de 60 jrs"
10104;1370;"Hernandez";"2022-02-15";"2024-01-16";19901;"Plus de 60 jrs"
10104;1370;"Hernandez";"2022-02-15";"2022-11-10";895;"Plus de 60 jrs"
10104;1370;"Hernandez";"2022-02-15";"2022-03-12";97;"Plus de 60 jrs"
10104;1370;"Hernandez";"2022-02-15";"2022-12-24";1009;"Plus de 60 jrs"
10104;1370;"Hernandez";"2022-02-15";"2023-07-25";10510;"Plus de 60 jrs"
10104;1370;"Hernandez";"2022-02-15";"2023-09-01";10686;"Plus de 60 jrs"
10104;1370;"Hernandez";"2022-02-15";"2023-06-02";10387;"Plus de 60 jrs"
10105;1401;"Castillo";"2022-02-26";"2023-07-19";10493;"Plus de 60 jrs"
10105;1401;"Castillo";"2022-02-26";"2023-05-12";10286;"Plus de 60 jrs"
10105;1401;"Castillo";"2022-02-26";"2023-12-17";10991;"Plus de 60 jrs"
10105;1401;"Castillo";"2022-02-26";"2022-03-07";81;"Plus de 60 jrs"
10106;1401;"Castillo";"2022-03-04";"2023-12-21";10917;"Plus de 60 jrs"
10106;1401;"Castillo";"2022-03-04";"2022-03-17";13;"8-14 jrs"
10106;1401;"Castillo";"2022-03-04";"2022-12-09";905;"Plus de 60 jrs"
10107;1323;"Vanauf";"2022-03-11";"2022-03-27";16;"15-30 jrs"
10107;1323;"Vanauf";"2022-03-11";"2023-12-18";10907;"Plus de 60 jrs"
10107;1323;"Vanauf";"2022-03-11";"2023-09-27";10616;"Plus de 60 jrs"
10108;1621;"Nishi";"2022-03-18";"2022-12-17";899;"Plus de 60 jrs"
10108;1621;"Nishi";"2022-03-18";"2023-12-05";10887;"Plus de 60 jrs"
10108;1621;"Nishi";"2022-03-18";"2022-03-24";6;"0-7 jrs"
10109;1323;"Vanauf";"2022-03-25";"2023-04-30";10105;"Plus de 60 jrs"
10109;1323;"Vanauf";"2022-03-25";"2023-12-09";10884;"Plus de 60 jrs"
10109;1323;"Vanauf";"2022-03-25";"2022-04-04";79;"Plus de 60 jrs"
10110;1501;"Bott";"2022-04-02";"2023-11-19";10717;"Plus de 60 jrs"
10110;1501;"Bott";"2022-04-02";"2023-12-24";10822;"Plus de 60 jrs"
10110;1501;"Bott";"2022-04-02";"2022-04-11";9;"8-14 jrs"
10111;1165;"Jennings";"2022-04-09";"2023-12-24";10815;"Plus de 60 jrs"
10111;1165;"Jennings";"2022-04-09";"2022-12-26";817;"Plus de 60 jrs"
10111;1165;"Jennings";"2022-04-09";"2022-04-24";15;"15-30 jrs"
10112;1504;"Jones";"2022-04-08";"2023-12-28";10820;"Plus de 60 jrs"
10112;1504;"Jones";"2022-04-08";"2022-04-24";16;"15-30 jrs"
10113;1165;"Jennings";"2022-04-10";"2023-09-13";10503;"Plus de 60 jrs"
10113;1165;"Jennings";"2022-04-10";"2022-04-26";16;"15-30 jrs"
10113;1165;"Jennings";"2022-04-10";"2024-01-12";19702;"Plus de 60 jrs"
10113;1165;"Jennings";"2022-04-10";"2023-11-18";10708;"Plus de 60 jrs"
10113;1165;"Jennings";"2022-04-10";"2022-08-30";420;"Plus de 60 jrs"
10113;1165;"Jennings";"2022-04-10";"2023-04-11";10001;"Plus de 60 jrs"
10113;1165;"Jennings";"2022-04-10";"2022-12-10";800;"Plus de 60 jrs"
10114;1337;"Bondur";"2022-04-16";"2023-09-25";10509;"Plus de 60 jrs"
10114;1337;"Bondur";"2022-04-16";"2023-12-20";10804;"Plus de 60 jrs"
10114;1337;"Bondur";"2022-04-16";"2022-05-05";89;"Plus de 60 jrs"
10115;1286;"Tseng";"2022-04-19";"2023-12-23";10804;"Plus de 60 jrs"
10115;1286;"Tseng";"2022-04-19";"2022-05-01";82;"Plus de 60 jrs"
10115;1286;"Tseng";"2022-04-19";"2022-11-15";696;"Plus de 60 jrs"
10116;1401;"Castillo";"2022-04-26";"2023-12-19";10793;"Plus de 60 jrs"
10116;1401;"Castillo";"2022-04-26";"2022-05-04";78;"Plus de 60 jrs"
10116;1401;"Castillo";"2022-04-26";"2024-02-19";19793;"Plus de 60 jrs"
10116;1401;"Castillo";"2022-04-26";"2022-09-06";480;"Plus de 60 jrs"
10117;1621;"Nishi";"2022-05-01";"2022-05-07";6;"0-7 jrs"
10117;1621;"Nishi";"2022-05-01";"2023-08-27";10326;"Plus de 60 jrs"
10117;1621;"Nishi";"2022-05-01";"2023-01-10";9609;"Plus de 60 jrs"
10118;1702;"Gerard";"2022-05-06";"2022-05-24";18;"15-30 jrs"
10118;1702;"Gerard";"2022-05-06";"2023-12-22";10716;"Plus de 60 jrs"
10118;1702;"Gerard";"2022-05-06";"2022-12-29";723;"Plus de 60 jrs"
10119;1401;"Castillo";"2022-05-13";"2022-05-27";14;"8-14 jrs"
10119;1401;"Castillo";"2022-05-13";"2023-08-17";10304;"Plus de 60 jrs"
10119;1401;"Castillo";"2022-05-13";"2023-12-13";10700;"Plus de 60 jrs"
10120;1611;"Fixter";"2022-05-14";"2022-06-04";90;"Plus de 60 jrs"
10120;1611;"Fixter";"2022-05-14";"2023-12-31";10717;"Plus de 60 jrs"
10120;1611;"Fixter";"2022-05-14";"2022-06-15";101;"Plus de 60 jrs"
10120;1611;"Fixter";"2022-05-14";"2023-03-26";9812;"Plus de 60 jrs"
10121;1337;"Bondur";"2022-05-22";"2024-01-26";19604;"Plus de 60 jrs"
10121;1337;"Bondur";"2022-05-22";"2022-08-05";283;"Plus de 60 jrs"
10121;1337;"Bondur";"2022-05-22";"2022-06-05";83;"Plus de 60 jrs"
10122;1337;"Bondur";"2022-05-23";"2023-12-27";10704;"Plus de 60 jrs"
10122;1337;"Bondur";"2022-05-23";"2022-06-09";86;"Plus de 60 jrs"
10122;1337;"Bondur";"2022-05-23";"2024-02-14";19691;"Plus de 60 jrs"
10123;1370;"Hernandez";"2022-06-04";"2023-11-04";10500;"Plus de 60 jrs"
10123;1370;"Hernandez";"2022-06-04";"2022-06-20";16;"15-30 jrs"
10123;1370;"Hernandez";"2022-06-04";"2024-01-03";19499;"Plus de 60 jrs"
10124;1166;"Thompson";"2022-06-05";"2024-01-02";19497;"Plus de 60 jrs"
10124;1166;"Thompson";"2022-06-05";"2022-06-21";16;"15-30 jrs"
10124;1166;"Thompson";"2022-06-05";"2023-09-05";10300;"Plus de 60 jrs"
10125;1611;"Fixter";"2022-06-05";"2022-06-04";-1;"négatif jrs"
10125;1611;"Fixter";"2022-06-05";"2023-12-31";10626;"Plus de 60 jrs"
10125;1611;"Fixter";"2022-06-05";"2022-06-15";10;"8-14 jrs"
10125;1611;"Fixter";"2022-06-05";"2023-03-26";9721;"Plus de 60 jrs"
10126;1702;"Gerard";"2022-06-12";"2023-12-01";10589;"Plus de 60 jrs"
10126;1702;"Gerard";"2022-06-12";"2023-02-21";9609;"Plus de 60 jrs"
10126;1702;"Gerard";"2022-06-12";"2022-06-28";16;"15-30 jrs"
10127;1286;"Tseng";"2022-06-18";"2023-01-06";9488;"Plus de 60 jrs"
10127;1286;"Tseng";"2022-06-18";"2023-08-11";10193;"Plus de 60 jrs"
10127;1286;"Tseng";"2022-06-18";"2022-07-03";85;"Plus de 60 jrs"
10127;1286;"Tseng";"2022-06-18";"2023-12-30";10612;"Plus de 60 jrs"
10128;1370;"Hernandez";"2022-06-21";"2022-08-03";182;"Plus de 60 jrs"
10128;1370;"Hernandez";"2022-06-21";"2023-11-17";10496;"Plus de 60 jrs"
10128;1370;"Hernandez";"2022-06-21";"2023-02-14";9593;"Plus de 60 jrs"
10128;1370;"Hernandez";"2022-06-21";"2024-01-16";19495;"Plus de 60 jrs"
10128;1370;"Hernandez";"2022-06-21";"2022-11-10";489;"Plus de 60 jrs"
10128;1370;"Hernandez";"2022-06-21";"2022-03-12";-309;"négatif jrs"
10128;1370;"Hernandez";"2022-06-21";"2022-12-24";603;"Plus de 60 jrs"
10128;1370;"Hernandez";"2022-06-21";"2023-07-25";10104;"Plus de 60 jrs"
10128;1370;"Hernandez";"2022-06-21";"2023-09-01";10280;"Plus de 60 jrs"
10128;1370;"Hernandez";"2022-06-21";"2023-06-02";9981;"Plus de 60 jrs"
10129;1501;"Bott";"2022-06-27";"2023-12-29";10602;"Plus de 60 jrs"
10129;1501;"Bott";"2022-06-27";"2022-07-22";95;"Plus de 60 jrs"
10129;1501;"Bott";"2022-06-27";"2022-12-08";581;"Plus de 60 jrs"
10130;1216;"Patterson";"2022-07-01";"2023-12-22";10521;"Plus de 60 jrs"
10130;1216;"Patterson";"2022-07-01";"2022-07-21";20;"15-30 jrs"
10130;1216;"Patterson";"2022-07-01";"2023-10-07";10306;"Plus de 60 jrs"
10131;1323;"Vanauf";"2022-07-01";"2022-09-30";229;"Plus de 60 jrs"
10131;1323;"Vanauf";"2022-07-01";"2022-07-10";9;"8-14 jrs"
10131;1323;"Vanauf";"2022-07-01";"2024-01-02";19401;"Plus de 60 jrs"
10132;1612;"Marsh";"2022-07-10";"2023-07-10";10000;"Plus de 60 jrs"
10132;1612;"Marsh";"2022-07-10";"2022-07-20";10;"8-14 jrs"
10132;1612;"Marsh";"2022-07-10";"2024-01-09";19399;"Plus de 60 jrs"
10133;1370;"Hernandez";"2022-07-12";"2022-08-03";91;"Plus de 60 jrs"
10133;1370;"Hernandez";"2022-07-12";"2023-11-17";10405;"Plus de 60 jrs"
10133;1370;"Hernandez";"2022-07-12";"2023-02-14";9502;"Plus de 60 jrs"
10133;1370;"Hernandez";"2022-07-12";"2024-01-16";19404;"Plus de 60 jrs"
10133;1370;"Hernandez";"2022-07-12";"2022-11-10";398;"Plus de 60 jrs"
10133;1370;"Hernandez";"2022-07-12";"2022-03-12";-400;"négatif jrs"
10133;1370;"Hernandez";"2022-07-12";"2022-12-24";512;"Plus de 60 jrs"
10133;1370;"Hernandez";"2022-07-12";"2023-07-25";10013;"Plus de 60 jrs"
10133;1370;"Hernandez";"2022-07-12";"2023-09-01";10189;"Plus de 60 jrs"
10133;1370;"Hernandez";"2022-07-12";"2023-06-02";9890;"Plus de 60 jrs"
10134;1337;"Bondur";"2022-07-16";"2024-01-15";19399;"Plus de 60 jrs"
10134;1337;"Bondur";"2022-07-16";"2022-08-02";86;"Plus de 60 jrs"
10135;1165;"Jennings";"2022-07-17";"2023-09-13";10196;"Plus de 60 jrs"
10135;1165;"Jennings";"2022-07-17";"2022-04-26";-291;"négatif jrs"
10135;1165;"Jennings";"2022-07-17";"2024-01-12";19395;"Plus de 60 jrs"
10135;1165;"Jennings";"2022-07-17";"2023-11-18";10401;"Plus de 60 jrs"
10135;1165;"Jennings";"2022-07-17";"2022-08-30";113;"Plus de 60 jrs"
10135;1165;"Jennings";"2022-07-17";"2023-04-11";9694;"Plus de 60 jrs"
10135;1165;"Jennings";"2022-07-17";"2022-12-10";493;"Plus de 60 jrs"
10136;1370;"Hernandez";"2022-07-19";"2022-12-07";488;"Plus de 60 jrs"
10136;1370;"Hernandez";"2022-07-19";"2022-08-05";86;"Plus de 60 jrs"
10137;1337;"Bondur";"2022-07-25";"2024-01-26";19401;"Plus de 60 jrs"
10137;1337;"Bondur";"2022-07-25";"2022-08-05";80;"Plus de 60 jrs"
10137;1337;"Bondur";"2022-07-25";"2022-06-05";-120;"négatif jrs"
10138;1612;"Marsh";"2022-07-22";"2022-07-31";9;"8-14 jrs"
10138;1612;"Marsh";"2022-07-22";"2024-01-16";19394;"Plus de 60 jrs"
10139;1611;"Fixter";"2022-07-31";"2022-08-18";87;"Plus de 60 jrs"
10139;1611;"Fixter";"2022-07-31";"2023-08-18";10087;"Plus de 60 jrs"
10139;1611;"Fixter";"2022-07-31";"2024-01-19";19388;"Plus de 60 jrs"
10140;1165;"Jennings";"2022-08-08";"2023-11-30";10322;"Plus de 60 jrs"
10140;1165;"Jennings";"2022-08-08";"2022-12-03";395;"Plus de 60 jrs"
10140;1165;"Jennings";"2022-08-08";"2024-02-18";19410;"Plus de 60 jrs"
10140;1165;"Jennings";"2022-08-08";"2022-08-20";12;"8-14 jrs"
10141;1501;"Bott";"2022-08-16";"2024-02-12";19396;"Plus de 60 jrs"
10141;1501;"Bott";"2022-08-16";"2022-08-31";15;"15-30 jrs"
10141;1501;"Bott";"2022-08-16";"2023-06-07";9791;"Plus de 60 jrs"
10142;1165;"Jennings";"2022-08-23";"2023-09-13";10090;"Plus de 60 jrs"
10142;1165;"Jennings";"2022-08-23";"2022-04-26";-397;"négatif jrs"
10142;1165;"Jennings";"2022-08-23";"2024-01-12";19289;"Plus de 60 jrs"
10142;1165;"Jennings";"2022-08-23";"2023-11-18";10295;"Plus de 60 jrs"
10142;1165;"Jennings";"2022-08-23";"2022-08-30";7;"0-7 jrs"
10142;1165;"Jennings";"2022-08-23";"2023-04-11";9588;"Plus de 60 jrs"
10142;1165;"Jennings";"2022-08-23";"2022-12-10";387;"Plus de 60 jrs"
10143;1188;"Firrelli";"2022-08-25";"2024-02-03";19378;"Plus de 60 jrs"
10143;1188;"Firrelli";"2022-08-25";"2022-09-04";79;"Plus de 60 jrs"
10143;1188;"Firrelli";"2022-08-25";"2022-12-09";384;"Plus de 60 jrs"
10144;1401;"Castillo";"2022-08-28";"2023-12-19";10391;"Plus de 60 jrs"
10144;1401;"Castillo";"2022-08-28";"2022-05-04";-324;"négatif jrs"
10144;1401;"Castillo";"2022-08-28";"2024-02-19";19391;"Plus de 60 jrs"
10144;1401;"Castillo";"2022-08-28";"2022-09-06";78;"Plus de 60 jrs"
10145;1166;"Thompson";"2022-09-09";"2022-12-19";310;"Plus de 60 jrs"
10145;1166;"Thompson";"2022-09-09";"2022-09-20";11;"8-14 jrs"
10145;1166;"Thompson";"2022-09-09";"2024-02-22";19313;"Plus de 60 jrs"
10146;1323;"Vanauf";"2022-09-18";"2022-09-30";12;"8-14 jrs"
10146;1323;"Vanauf";"2022-09-18";"2022-07-10";-208;"négatif jrs"
10146;1323;"Vanauf";"2022-09-18";"2024-01-02";19184;"Plus de 60 jrs"
10147;1188;"Firrelli";"2022-09-20";"2024-02-28";19308;"Plus de 60 jrs"
10147;1188;"Firrelli";"2022-09-20";"2022-10-01";81;"Plus de 60 jrs"
10147;1188;"Firrelli";"2022-09-20";"2023-08-18";9898;"Plus de 60 jrs"
10148;1611;"Fixter";"2022-09-26";"2024-02-25";19299;"Plus de 60 jrs"
10148;1611;"Fixter";"2022-09-26";"2022-11-28";202;"Plus de 60 jrs"
10148;1611;"Fixter";"2022-09-26";"2022-10-13";87;"Plus de 60 jrs"
10149;1165;"Jennings";"2022-09-27";"2022-10-13";86;"Plus de 60 jrs"
10149;1165;"Jennings";"2022-09-27";"2023-03-15";9388;"Plus de 60 jrs"
10150;1621;"Nishi";"2022-10-04";"2022-05-07";-497;"négatif jrs"
10150;1621;"Nishi";"2022-10-04";"2023-08-27";9823;"Plus de 60 jrs"
10150;1621;"Nishi";"2022-10-04";"2023-01-10";9106;"Plus de 60 jrs"
10151;1501;"Bott";"2022-10-06";"2024-03-02";19296;"Plus de 60 jrs"
10151;1501;"Bott";"2022-10-06";"2022-10-21";15;"15-30 jrs"
10151;1501;"Bott";"2022-10-06";"2023-05-11";9505;"Plus de 60 jrs"
10152;1611;"Fixter";"2022-10-10";"2022-11-30";120;"Plus de 60 jrs"
10152;1611;"Fixter";"2022-10-10";"2022-11-01";91;"Plus de 60 jrs"
10153;1370;"Hernandez";"2022-10-13";"2022-08-03";-210;"négatif jrs"
10153;1370;"Hernandez";"2022-10-13";"2023-11-17";10104;"Plus de 60 jrs"
10153;1370;"Hernandez";"2022-10-13";"2023-02-14";9201;"Plus de 60 jrs"
10153;1370;"Hernandez";"2022-10-13";"2024-01-16";19103;"Plus de 60 jrs"
10153;1370;"Hernandez";"2022-10-13";"2022-11-10";97;"Plus de 60 jrs"
10153;1370;"Hernandez";"2022-10-13";"2022-03-12";-701;"négatif jrs"
10153;1370;"Hernandez";"2022-10-13";"2022-12-24";211;"Plus de 60 jrs"
10153;1370;"Hernandez";"2022-10-13";"2023-07-25";9712;"Plus de 60 jrs"
10153;1370;"Hernandez";"2022-10-13";"2023-09-01";9888;"Plus de 60 jrs"
10153;1370;"Hernandez";"2022-10-13";"2023-06-02";9589;"Plus de 60 jrs"
10154;1166;"Thompson";"2022-10-17";"2022-11-02";85;"Plus de 60 jrs"
10155;1501;"Bott";"2022-10-21";"2022-11-11";90;"Plus de 60 jrs"
10155;1501;"Bott";"2022-10-21";"2023-11-06";10085;"Plus de 60 jrs"
10156;1370;"Hernandez";"2022-10-23";"2022-08-03";-220;"négatif jrs"
10156;1370;"Hernandez";"2022-10-23";"2023-11-17";10094;"Plus de 60 jrs"
10156;1370;"Hernandez";"2022-10-23";"2023-02-14";9191;"Plus de 60 jrs"
10156;1370;"Hernandez";"2022-10-23";"2024-01-16";19093;"Plus de 60 jrs"
10156;1370;"Hernandez";"2022-10-23";"2022-11-10";87;"Plus de 60 jrs"
10156;1370;"Hernandez";"2022-10-23";"2022-03-12";-711;"négatif jrs"
10156;1370;"Hernandez";"2022-10-23";"2022-12-24";201;"Plus de 60 jrs"
10156;1370;"Hernandez";"2022-10-23";"2023-07-25";9702;"Plus de 60 jrs"
10156;1370;"Hernandez";"2022-10-23";"2023-09-01";9878;"Plus de 60 jrs"
10156;1370;"Hernandez";"2022-10-23";"2023-06-02";9579;"Plus de 60 jrs"
10157;1401;"Castillo";"2022-10-24";"2023-03-04";9280;"Plus de 60 jrs"
10157;1401;"Castillo";"2022-10-24";"2022-11-11";87;"Plus de 60 jrs"
10158;1504;"Jones";"2022-10-25";"2022-03-03";-722;"négatif jrs"
10158;1504;"Jones";"2022-10-25";"2022-11-12";87;"Plus de 60 jrs"
10158;1504;"Jones";"2022-10-25";"2023-11-20";10095;"Plus de 60 jrs"
10158;1504;"Jones";"2022-10-25";"2023-12-14";10189;"Plus de 60 jrs"
10159;1165;"Jennings";"2022-10-25";"2022-11-18";93;"Plus de 60 jrs"
10160;1166;"Thompson";"2022-10-26";"2023-02-02";9176;"Plus de 60 jrs"
10160;1166;"Thompson";"2022-10-26";"2022-11-08";82;"Plus de 60 jrs"
10161;1401;"Castillo";"2022-11-01";"2022-11-15";14;"8-14 jrs"
10161;1401;"Castillo";"2022-11-01";"2023-11-18";10017;"Plus de 60 jrs"
10162;1165;"Jennings";"2022-11-02";"2022-11-18";16;"15-30 jrs"
10163;1286;"Tseng";"2022-11-04";"2023-12-23";10119;"Plus de 60 jrs"
10163;1286;"Tseng";"2022-11-04";"2022-05-01";-603;"négatif jrs"
10163;1286;"Tseng";"2022-11-04";"2022-11-15";11;"8-14 jrs"
10164;1401;"Castillo";"2022-11-05";"2022-11-30";25;"15-30 jrs"
10164;1401;"Castillo";"2022-11-05";"2022-12-05";100;"Plus de 60 jrs"
10165;1621;"Nishi";"2022-11-06";"2022-05-07";-599;"négatif jrs"
10165;1621;"Nishi";"2022-11-06";"2023-08-27";9721;"Plus de 60 jrs"
10165;1621;"Nishi";"2022-11-06";"2023-01-10";9004;"Plus de 60 jrs"
10166;1216;"Patterson";"2022-11-05";"2022-11-23";18;"15-30 jrs"
10166;1216;"Patterson";"2022-11-05";"2023-12-13";10108;"Plus de 60 jrs"
10167;1504;"Jones";"2022-11-07";"2023-10-16";9909;"Plus de 60 jrs"
10168;1165;"Jennings";"2022-11-12";"2023-11-30";10018;"Plus de 60 jrs"
10168;1165;"Jennings";"2022-11-12";"2022-12-03";91;"Plus de 60 jrs"
10168;1165;"Jennings";"2022-11-12";"2024-02-18";19106;"Plus de 60 jrs"
10168;1165;"Jennings";"2022-11-12";"2022-08-20";-292;"négatif jrs"
10169;1611;"Fixter";"2022-11-19";"2024-02-25";19106;"Plus de 60 jrs"
10169;1611;"Fixter";"2022-11-19";"2022-11-28";9;"8-14 jrs"
10169;1611;"Fixter";"2022-11-19";"2022-10-13";-106;"négatif jrs"
10170;1401;"Castillo";"2022-11-19";"2022-11-30";11;"8-14 jrs"
10170;1401;"Castillo";"2022-11-19";"2022-12-05";86;"Plus de 60 jrs"
10171;1286;"Tseng";"2022-11-20";"2023-07-17";9597;"Plus de 60 jrs"
10171;1286;"Tseng";"2022-11-20";"2022-12-03";83;"Plus de 60 jrs"
10172;1323;"Vanauf";"2022-11-20";"2022-12-04";84;"Plus de 60 jrs"
10172;1323;"Vanauf";"2022-11-20";"2023-07-26";9606;"Plus de 60 jrs"
10173;1401;"Castillo";"2022-11-20";"2023-12-21";10101;"Plus de 60 jrs"
10173;1401;"Castillo";"2022-11-20";"2022-03-17";-803;"négatif jrs"
10173;1401;"Castillo";"2022-11-20";"2022-12-09";89;"Plus de 60 jrs"
10174;1611;"Fixter";"2022-11-21";"2022-11-30";9;"8-14 jrs"
10174;1611;"Fixter";"2022-11-21";"2022-11-01";-20;"négatif jrs"
10175;1501;"Bott";"2022-11-21";"2023-12-29";10108;"Plus de 60 jrs"
10175;1501;"Bott";"2022-11-21";"2022-07-22";-399;"négatif jrs"
10175;1501;"Bott";"2022-11-21";"2022-12-08";87;"Plus de 60 jrs"
10176;1401;"Castillo";"2022-11-21";"2022-12-03";82;"Plus de 60 jrs"
10176;1401;"Castillo";"2022-11-21";"2023-08-03";9682;"Plus de 60 jrs"
10177;1702;"Gerard";"2022-11-22";"2022-12-09";87;"Plus de 60 jrs"
10177;1702;"Gerard";"2022-11-22";"2023-04-18";9296;"Plus de 60 jrs"
10178;1370;"Hernandez";"2022-11-23";"2022-12-07";84;"Plus de 60 jrs"
10178;1370;"Hernandez";"2022-11-23";"2022-08-05";-318;"négatif jrs"
10179;1612;"Marsh";"2022-11-26";"2022-07-31";-395;"négatif jrs"
10179;1612;"Marsh";"2022-11-26";"2024-01-16";18990;"Plus de 60 jrs"
10180;1370;"Hernandez";"2022-11-26";"2023-03-31";9205;"Plus de 60 jrs"
10180;1370;"Hernandez";"2022-11-26";"2022-12-07";81;"Plus de 60 jrs"
10181;1504;"Jones";"2022-11-27";"2023-10-05";9878;"Plus de 60 jrs"
10181;1504;"Jones";"2022-11-27";"2022-12-18";91;"Plus de 60 jrs"
10182;1165;"Jennings";"2022-11-27";"2023-09-13";9786;"Plus de 60 jrs"
10182;1165;"Jennings";"2022-11-27";"2022-04-26";-701;"négatif jrs"
10182;1165;"Jennings";"2022-11-27";"2024-01-12";18985;"Plus de 60 jrs"
10182;1165;"Jennings";"2022-11-27";"2023-11-18";9991;"Plus de 60 jrs"
10182;1165;"Jennings";"2022-11-27";"2022-08-30";-297;"négatif jrs"
10182;1165;"Jennings";"2022-11-27";"2023-04-11";9284;"Plus de 60 jrs"
10182;1165;"Jennings";"2022-11-27";"2022-12-10";83;"Plus de 60 jrs"
10183;1188;"Firrelli";"2022-11-28";"2023-11-09";9981;"Plus de 60 jrs"
10183;1188;"Firrelli";"2022-11-28";"2022-12-13";85;"Plus de 60 jrs"
10184;1702;"Gerard";"2022-11-29";"2023-11-11";9982;"Plus de 60 jrs"
10184;1702;"Gerard";"2022-11-29";"2022-12-14";85;"Plus de 60 jrs"
10185;1188;"Firrelli";"2022-11-29";"2024-02-03";19074;"Plus de 60 jrs"
10185;1188;"Firrelli";"2022-11-29";"2022-09-04";-225;"négatif jrs"
10185;1188;"Firrelli";"2022-11-29";"2022-12-09";80;"Plus de 60 jrs"
10186;1501;"Bott";"2022-11-29";"2022-12-19";90;"Plus de 60 jrs"
10186;1501;"Bott";"2022-11-29";"2023-02-15";9086;"Plus de 60 jrs"
10187;1621;"Nishi";"2022-11-30";"2022-12-24";94;"Plus de 60 jrs"
10188;1504;"Jones";"2022-12-03";"2023-10-05";9802;"Plus de 60 jrs"
10188;1504;"Jones";"2022-12-03";"2022-12-18";15;"15-30 jrs"
10189;1166;"Thompson";"2022-12-03";"2022-12-19";16;"15-30 jrs"
10189;1166;"Thompson";"2022-12-03";"2022-09-20";-283;"négatif jrs"
10189;1166;"Thompson";"2022-12-03";"2024-02-22";19019;"Plus de 60 jrs"
10190;1370;"Hernandez";"2022-12-04";"2022-08-03";-401;"négatif jrs"
10190;1370;"Hernandez";"2022-12-04";"2023-11-17";9913;"Plus de 60 jrs"
10190;1370;"Hernandez";"2022-12-04";"2023-02-14";9010;"Plus de 60 jrs"
10190;1370;"Hernandez";"2022-12-04";"2024-01-16";18912;"Plus de 60 jrs"
10190;1370;"Hernandez";"2022-12-04";"2022-11-10";-94;"négatif jrs"
10190;1370;"Hernandez";"2022-12-04";"2022-03-12";-892;"négatif jrs"
10190;1370;"Hernandez";"2022-12-04";"2022-12-24";20;"15-30 jrs"
10190;1370;"Hernandez";"2022-12-04";"2023-07-25";9521;"Plus de 60 jrs"
10190;1370;"Hernandez";"2022-12-04";"2023-09-01";9697;"Plus de 60 jrs"
10190;1370;"Hernandez";"2022-12-04";"2023-06-02";9398;"Plus de 60 jrs"
10191;1504;"Jones";"2022-12-05";"2023-11-22";9917;"Plus de 60 jrs"
10191;1504;"Jones";"2022-12-05";"2022-12-22";17;"15-30 jrs"
10192;1216;"Patterson";"2022-12-05";"2023-12-03";9998;"Plus de 60 jrs"
10192;1216;"Patterson";"2022-12-05";"2022-01-31";-1074;"négatif jrs"
10192;1216;"Patterson";"2022-12-05";"2022-12-20";15;"15-30 jrs"
10193;1611;"Fixter";"2022-12-06";"2023-08-13";9607;"Plus de 60 jrs"
10193;1611;"Fixter";"2022-12-06";"2022-12-25";19;"15-30 jrs"
10194;1337;"Bondur";"2022-12-10";"2023-04-03";9193;"Plus de 60 jrs"
10194;1337;"Bondur";"2022-12-10";"2023-01-31";8921;"Plus de 60 jrs"
10194;1337;"Bondur";"2022-12-10";"2022-12-25";15;"15-30 jrs"
10195;1323;"Vanauf";"2022-12-10";"2023-11-22";9912;"Plus de 60 jrs"
10195;1323;"Vanauf";"2022-12-10";"2022-12-22";12;"8-14 jrs"
10196;1286;"Tseng";"2022-12-11";"2022-12-20";9;"8-14 jrs"
10196;1286;"Tseng";"2022-12-11";"2023-05-28";9317;"Plus de 60 jrs"
10197;1702;"Gerard";"2022-12-11";"2022-05-24";-687;"négatif jrs"
10197;1702;"Gerard";"2022-12-11";"2023-12-22";10011;"Plus de 60 jrs"
10197;1702;"Gerard";"2022-12-11";"2022-12-29";18;"15-30 jrs"
10198;1621;"Nishi";"2022-12-12";"2022-12-17";5;"0-7 jrs"
10198;1621;"Nishi";"2022-12-12";"2023-12-05";9993;"Plus de 60 jrs"
10198;1621;"Nishi";"2022-12-12";"2022-03-24";-888;"négatif jrs"
10199;1166;"Thompson";"2022-12-16";"2022-12-24";8;"8-14 jrs"
10199;1166;"Thompson";"2022-12-16";"2023-02-28";9012;"Plus de 60 jrs"
10200;1621;"Nishi";"2022-12-16";"2022-12-24";8;"8-14 jrs"
10201;1165;"Jennings";"2022-12-16";"2023-12-24";10008;"Plus de 60 jrs"
10201;1165;"Jennings";"2022-12-16";"2022-12-26";10;"8-14 jrs"
10201;1165;"Jennings";"2022-12-16";"2022-04-24";-792;"négatif jrs"
10202;1612;"Marsh";"2022-12-17";"2022-12-31";14;"8-14 jrs"
10202;1612;"Marsh";"2022-12-17";"2023-05-31";9314;"Plus de 60 jrs"
10203;1370;"Hernandez";"2022-12-17";"2022-08-03";-414;"négatif jrs"
10203;1370;"Hernandez";"2022-12-17";"2023-11-17";9900;"Plus de 60 jrs"
10203;1370;"Hernandez";"2022-12-17";"2023-02-14";8997;"Plus de 60 jrs"
10203;1370;"Hernandez";"2022-12-17";"2024-01-16";18899;"Plus de 60 jrs"
10203;1370;"Hernandez";"2022-12-17";"2022-11-10";-107;"négatif jrs"
10203;1370;"Hernandez";"2022-12-17";"2022-03-12";-905;"négatif jrs"
10203;1370;"Hernandez";"2022-12-17";"2022-12-24";7;"0-7 jrs"
10203;1370;"Hernandez";"2022-12-17";"2023-07-25";9508;"Plus de 60 jrs"
10203;1370;"Hernandez";"2022-12-17";"2023-09-01";9684;"Plus de 60 jrs"
10203;1370;"Hernandez";"2022-12-17";"2023-06-02";9385;"Plus de 60 jrs"
10204;1286;"Tseng";"2022-12-17";"2023-01-06";8889;"Plus de 60 jrs"
10204;1286;"Tseng";"2022-12-17";"2023-08-11";9594;"Plus de 60 jrs"
10204;1286;"Tseng";"2022-12-17";"2022-07-03";-514;"négatif jrs"
10204;1286;"Tseng";"2022-12-17";"2023-12-30";10013;"Plus de 60 jrs"
10205;1370;"Hernandez";"2022-12-18";"2022-08-03";-415;"négatif jrs"
10205;1370;"Hernandez";"2022-12-18";"2023-11-17";9899;"Plus de 60 jrs"
10205;1370;"Hernandez";"2022-12-18";"2023-02-14";8996;"Plus de 60 jrs"
10205;1370;"Hernandez";"2022-12-18";"2024-01-16";18898;"Plus de 60 jrs"
10205;1370;"Hernandez";"2022-12-18";"2022-11-10";-108;"négatif jrs"
10205;1370;"Hernandez";"2022-12-18";"2022-03-12";-906;"négatif jrs"
10205;1370;"Hernandez";"2022-12-18";"2022-12-24";6;"0-7 jrs"
10205;1370;"Hernandez";"2022-12-18";"2023-07-25";9507;"Plus de 60 jrs"
10205;1370;"Hernandez";"2022-12-18";"2023-09-01";9683;"Plus de 60 jrs"
10205;1370;"Hernandez";"2022-12-18";"2023-06-02";9384;"Plus de 60 jrs"
10206;1323;"Vanauf";"2022-12-20";"2023-01-02";8882;"Plus de 60 jrs"
10206;1323;"Vanauf";"2022-12-20";"2023-11-24";9904;"Plus de 60 jrs"
10207;1188;"Firrelli";"2022-12-24";"2023-01-10";8886;"Plus de 60 jrs"
10207;1188;"Firrelli";"2022-12-24";"2023-05-30";9306;"Plus de 60 jrs"
10208;1337;"Bondur";"2023-01-17";"2023-04-03";286;"Plus de 60 jrs"
10208;1337;"Bondur";"2023-01-17";"2023-01-31";14;"8-14 jrs"
10208;1337;"Bondur";"2023-01-17";"2022-12-25";-8892;"négatif jrs"
10209;1166;"Thompson";"2023-01-24";"2023-02-02";78;"Plus de 60 jrs"
10209;1166;"Thompson";"2023-01-24";"2022-11-08";-9016;"négatif jrs"
10210;1621;"Nishi";"2023-01-27";"2023-05-03";376;"Plus de 60 jrs"
10210;1621;"Nishi";"2023-01-27";"2023-02-03";76;"Plus de 60 jrs"
10211;1337;"Bondur";"2023-01-30";"2023-02-12";82;"Plus de 60 jrs"
10211;1337;"Bondur";"2023-01-30";"2023-07-03";573;"Plus de 60 jrs"
10212;1370;"Hernandez";"2023-01-31";"2022-08-03";-9328;"négatif jrs"
10212;1370;"Hernandez";"2023-01-31";"2023-11-17";986;"Plus de 60 jrs"
10212;1370;"Hernandez";"2023-01-31";"2023-02-14";83;"Plus de 60 jrs"
10212;1370;"Hernandez";"2023-01-31";"2024-01-16";9985;"Plus de 60 jrs"
10212;1370;"Hernandez";"2023-01-31";"2022-11-10";-9021;"négatif jrs"
10212;1370;"Hernandez";"2023-01-31";"2022-03-12";-9819;"négatif jrs"
10212;1370;"Hernandez";"2023-01-31";"2022-12-24";-8907;"négatif jrs"
10212;1370;"Hernandez";"2023-01-31";"2023-07-25";594;"Plus de 60 jrs"
10212;1370;"Hernandez";"2023-01-31";"2023-09-01";770;"Plus de 60 jrs"
10212;1370;"Hernandez";"2023-01-31";"2023-06-02";471;"Plus de 60 jrs"
10213;1501;"Bott";"2023-02-06";"2022-12-19";-8987;"négatif jrs"
10213;1501;"Bott";"2023-02-06";"2023-02-15";9;"8-14 jrs"
10214;1702;"Gerard";"2023-02-10";"2023-12-01";991;"Plus de 60 jrs"
10214;1702;"Gerard";"2023-02-10";"2023-02-21";11;"8-14 jrs"
10214;1702;"Gerard";"2023-02-10";"2022-06-28";-9582;"négatif jrs"
10215;1166;"Thompson";"2023-02-13";"2022-12-24";-8989;"négatif jrs"
10215;1166;"Thompson";"2023-02-13";"2023-02-28";15;"15-30 jrs"
10216;1370;"Hernandez";"2023-02-17";"2023-02-25";8;"8-14 jrs"
10216;1370;"Hernandez";"2023-02-17";"2023-11-07";890;"Plus de 60 jrs"
10217;1612;"Marsh";"2023-02-19";"2023-10-02";783;"Plus de 60 jrs"
10217;1612;"Marsh";"2023-02-19";"2023-07-23";504;"Plus de 60 jrs"
10217;1612;"Marsh";"2023-02-19";"2023-03-15";96;"Plus de 60 jrs"
10218;1401;"Castillo";"2023-02-24";"2023-03-04";80;"Plus de 60 jrs"
10218;1401;"Castillo";"2023-02-24";"2022-11-11";-9113;"négatif jrs"
10219;1165;"Jennings";"2023-02-25";"2022-10-13";-9212;"négatif jrs"
10219;1165;"Jennings";"2023-02-25";"2023-03-15";90;"Plus de 60 jrs"
10220;1504;"Jones";"2023-02-27";"2023-10-19";792;"Plus de 60 jrs"
10220;1504;"Jones";"2023-02-27";"2023-03-17";90;"Plus de 60 jrs"
10221;1401;"Castillo";"2023-03-05";"2023-08-25";520;"Plus de 60 jrs"
10221;1401;"Castillo";"2023-03-05";"2023-03-19";14;"8-14 jrs"
10222;1166;"Thompson";"2023-03-06";"2023-03-31";25;"15-30 jrs"
10223;1611;"Fixter";"2023-03-07";"2022-06-04";-9703;"négatif jrs"
10223;1611;"Fixter";"2023-03-07";"2023-12-31";924;"Plus de 60 jrs"
10223;1611;"Fixter";"2023-03-07";"2022-06-15";-9692;"négatif jrs"
10223;1611;"Fixter";"2023-03-07";"2023-03-26";19;"15-30 jrs"
10224;1370;"Hernandez";"2023-03-08";"2023-03-31";23;"15-30 jrs"
10224;1370;"Hernandez";"2023-03-08";"2022-12-07";-9101;"négatif jrs"
10225;1702;"Gerard";"2023-03-09";"2023-03-29";20;"15-30 jrs"
10225;1702;"Gerard";"2023-03-09";"2023-10-04";695;"Plus de 60 jrs"
10226;1166;"Thompson";"2023-03-13";"2023-03-31";18;"15-30 jrs"
10227;1337;"Bondur";"2023-03-18";"2023-04-03";85;"Plus de 60 jrs"
10227;1337;"Bondur";"2023-03-18";"2023-01-31";-187;"négatif jrs"
10227;1337;"Bondur";"2023-03-18";"2022-12-25";-9093;"négatif jrs"
10228;1188;"Firrelli";"2023-03-26";"2023-05-29";203;"Plus de 60 jrs"
10228;1188;"Firrelli";"2023-03-26";"2023-04-14";88;"Plus de 60 jrs"
10229;1165;"Jennings";"2023-03-27";"2023-09-13";586;"Plus de 60 jrs"
10229;1165;"Jennings";"2023-03-27";"2022-04-26";-9901;"négatif jrs"
10229;1165;"Jennings";"2023-03-27";"2024-01-12";9785;"Plus de 60 jrs"
10229;1165;"Jennings";"2023-03-27";"2023-11-18";791;"Plus de 60 jrs"
10229;1165;"Jennings";"2023-03-27";"2022-08-30";-9497;"négatif jrs"
10229;1165;"Jennings";"2023-03-27";"2023-04-11";84;"Plus de 60 jrs"
10229;1165;"Jennings";"2023-03-27";"2022-12-10";-9117;"négatif jrs"
10230;1504;"Jones";"2023-03-31";"2022-02-12";-10119;"négatif jrs"
10230;1504;"Jones";"2023-03-31";"2022-11-02";-9229;"négatif jrs"
10230;1504;"Jones";"2023-03-31";"2023-04-09";78;"Plus de 60 jrs"
10230;1504;"Jones";"2023-03-31";"2023-12-04";873;"Plus de 60 jrs"
10231;1702;"Gerard";"2023-04-04";"2022-12-09";-9195;"négatif jrs"
10231;1702;"Gerard";"2023-04-04";"2023-04-18";14;"8-14 jrs"
10232;1501;"Bott";"2023-04-05";"2023-12-02";797;"Plus de 60 jrs"
10232;1501;"Bott";"2023-04-05";"2023-04-13";8;"8-14 jrs"
10233;1323;"Vanauf";"2023-04-14";"2023-05-02";88;"Plus de 60 jrs"
10233;1323;"Vanauf";"2023-04-14";"2023-06-15";201;"Plus de 60 jrs"
10234;1612;"Marsh";"2023-04-15";"2023-08-10";395;"Plus de 60 jrs"
10234;1612;"Marsh";"2023-04-15";"2023-04-30";15;"15-30 jrs"
10235;1323;"Vanauf";"2023-04-18";"2023-09-15";497;"Plus de 60 jrs"
10235;1323;"Vanauf";"2023-04-18";"2023-05-10";92;"Plus de 60 jrs"
10236;1323;"Vanauf";"2023-04-19";"2023-04-30";11;"8-14 jrs"
10236;1323;"Vanauf";"2023-04-19";"2023-12-09";790;"Plus de 60 jrs"
10236;1323;"Vanauf";"2023-04-19";"2022-04-04";-10015;"négatif jrs"
10237;1286;"Tseng";"2023-04-21";"2023-05-11";90;"Plus de 60 jrs"
10237;1286;"Tseng";"2023-04-21";"2022-02-14";-10207;"négatif jrs"
10237;1286;"Tseng";"2023-04-21";"2023-12-02";781;"Plus de 60 jrs"
10238;1401;"Castillo";"2023-04-25";"2023-07-19";294;"Plus de 60 jrs"
10238;1401;"Castillo";"2023-04-25";"2023-05-12";87;"Plus de 60 jrs"
10238;1401;"Castillo";"2023-04-25";"2023-12-17";792;"Plus de 60 jrs"
10238;1401;"Castillo";"2023-04-25";"2022-03-07";-10118;"négatif jrs"
10239;1501;"Bott";"2023-04-28";"2024-03-02";9874;"Plus de 60 jrs"
10239;1501;"Bott";"2023-04-28";"2022-10-21";-9407;"négatif jrs"
10239;1501;"Bott";"2023-04-28";"2023-05-11";83;"Plus de 60 jrs"
10240;1621;"Nishi";"2023-04-29";"2023-05-03";74;"Plus de 60 jrs"
10240;1621;"Nishi";"2023-04-29";"2023-02-03";-226;"négatif jrs"
10241;1370;"Hernandez";"2023-04-29";"2023-07-07";278;"Plus de 60 jrs"
10241;1370;"Hernandez";"2023-04-29";"2023-05-20";91;"Plus de 60 jrs"
10242;1286;"Tseng";"2023-05-06";"2023-11-29";623;"Plus de 60 jrs"
10242;1286;"Tseng";"2023-05-06";"2023-05-16";10;"8-14 jrs"
10243;1188;"Firrelli";"2023-05-12";"2023-01-10";-402;"négatif jrs"
10243;1188;"Firrelli";"2023-05-12";"2023-05-30";18;"15-30 jrs"
10244;1370;"Hernandez";"2023-05-15";"2022-08-03";-9712;"négatif jrs"
10244;1370;"Hernandez";"2023-05-15";"2023-11-17";602;"Plus de 60 jrs"
10244;1370;"Hernandez";"2023-05-15";"2023-02-14";-301;"négatif jrs"
10244;1370;"Hernandez";"2023-05-15";"2024-01-16";9601;"Plus de 60 jrs"
10244;1370;"Hernandez";"2023-05-15";"2022-11-10";-9405;"négatif jrs"
10244;1370;"Hernandez";"2023-05-15";"2022-03-12";-10203;"négatif jrs"
10244;1370;"Hernandez";"2023-05-15";"2022-12-24";-9291;"négatif jrs"
10244;1370;"Hernandez";"2023-05-15";"2023-07-25";210;"Plus de 60 jrs"
10244;1370;"Hernandez";"2023-05-15";"2023-09-01";386;"Plus de 60 jrs"
10244;1370;"Hernandez";"2023-05-15";"2023-06-02";87;"Plus de 60 jrs"
10245;1286;"Tseng";"2023-05-20";"2022-12-20";-9300;"négatif jrs"
10245;1286;"Tseng";"2023-05-20";"2023-05-28";8;"8-14 jrs"
10246;1370;"Hernandez";"2023-05-21";"2022-08-03";-9718;"négatif jrs"
10246;1370;"Hernandez";"2023-05-21";"2023-11-17";596;"Plus de 60 jrs"
10246;1370;"Hernandez";"2023-05-21";"2023-02-14";-307;"négatif jrs"
10246;1370;"Hernandez";"2023-05-21";"2024-01-16";9595;"Plus de 60 jrs"
10246;1370;"Hernandez";"2023-05-21";"2022-11-10";-9411;"négatif jrs"
10246;1370;"Hernandez";"2023-05-21";"2022-03-12";-10209;"négatif jrs"
10246;1370;"Hernandez";"2023-05-21";"2022-12-24";-9297;"négatif jrs"
10246;1370;"Hernandez";"2023-05-21";"2023-07-25";204;"Plus de 60 jrs"
10246;1370;"Hernandez";"2023-05-21";"2023-09-01";380;"Plus de 60 jrs"
10246;1370;"Hernandez";"2023-05-21";"2023-06-02";81;"Plus de 60 jrs"
10247;1501;"Bott";"2023-05-21";"2024-02-12";9691;"Plus de 60 jrs"
10247;1501;"Bott";"2023-05-21";"2022-08-31";-9690;"négatif jrs"
10247;1501;"Bott";"2023-05-21";"2023-06-07";86;"Plus de 60 jrs"
10248;1323;"Vanauf";"2023-05-23";"2022-03-27";-10196;"négatif jrs"
10248;1323;"Vanauf";"2023-05-23";"2023-12-18";695;"Plus de 60 jrs"
10248;1323;"Vanauf";"2023-05-23";"2023-09-27";404;"Plus de 60 jrs"
10249;1188;"Firrelli";"2023-05-24";"2023-05-29";5;"0-7 jrs"
10249;1188;"Firrelli";"2023-05-24";"2023-04-14";-110;"négatif jrs"
10250;1165;"Jennings";"2023-05-27";"2023-07-07";180;"Plus de 60 jrs"
10251;1323;"Vanauf";"2023-06-03";"2023-05-02";-101;"négatif jrs"
10251;1323;"Vanauf";"2023-06-03";"2023-06-15";12;"8-14 jrs"
10252;1337;"Bondur";"2023-06-11";"2023-02-12";-399;"négatif jrs"
10252;1337;"Bondur";"2023-06-11";"2023-07-03";92;"Plus de 60 jrs"
10253;1501;"Bott";"2023-06-17";"2022-11-04";-9513;"négatif jrs"
10253;1501;"Bott";"2023-06-17";"2023-07-01";84;"Plus de 60 jrs"
10254;1612;"Marsh";"2023-06-19";"2023-07-10";91;"Plus de 60 jrs"
10254;1612;"Marsh";"2023-06-19";"2022-07-20";-9899;"négatif jrs"
10254;1612;"Marsh";"2023-06-19";"2024-01-09";9490;"Plus de 60 jrs"
10255;1370;"Hernandez";"2023-06-20";"2023-07-07";87;"Plus de 60 jrs"
10255;1370;"Hernandez";"2023-06-20";"2023-05-20";-100;"négatif jrs"
10256;1401;"Castillo";"2023-06-24";"2023-07-19";95;"Plus de 60 jrs"
10256;1401;"Castillo";"2023-06-24";"2023-05-12";-112;"négatif jrs"
10256;1401;"Castillo";"2023-06-24";"2023-12-17";593;"Plus de 60 jrs"
10256;1401;"Castillo";"2023-06-24";"2022-03-07";-10317;"négatif jrs"
10257;1165;"Jennings";"2023-06-30";"2023-07-07";77;"Plus de 60 jrs"
10258;1621;"Nishi";"2023-07-01";"2024-03-01";9600;"Plus de 60 jrs"
10258;1621;"Nishi";"2023-07-01";"2023-07-07";6;"0-7 jrs"
10258;1621;"Nishi";"2023-07-01";"2023-12-15";514;"Plus de 60 jrs"
10259;1612;"Marsh";"2023-07-01";"2023-10-02";301;"Plus de 60 jrs"
10259;1612;"Marsh";"2023-07-01";"2023-07-23";22;"15-30 jrs"
10259;1612;"Marsh";"2023-07-01";"2023-03-15";-386;"négatif jrs"
10260;1612;"Marsh";"2023-07-02";"2022-12-31";-9471;"négatif jrs"
10260;1612;"Marsh";"2023-07-02";"2023-05-31";-171;"négatif jrs"
10261;1286;"Tseng";"2023-07-03";"2023-07-17";14;"8-14 jrs"
10261;1286;"Tseng";"2023-07-03";"2022-12-03";-9500;"négatif jrs"
10262;1370;"Hernandez";"2023-07-10";"2022-08-03";-9907;"négatif jrs"
10262;1370;"Hernandez";"2023-07-10";"2023-11-17";407;"Plus de 60 jrs"
10262;1370;"Hernandez";"2023-07-10";"2023-02-14";-496;"négatif jrs"
10262;1370;"Hernandez";"2023-07-10";"2024-01-16";9406;"Plus de 60 jrs"
10262;1370;"Hernandez";"2023-07-10";"2022-11-10";-9600;"négatif jrs"
10262;1370;"Hernandez";"2023-07-10";"2022-03-12";-10398;"négatif jrs"
10262;1370;"Hernandez";"2023-07-10";"2022-12-24";-9486;"négatif jrs"
10262;1370;"Hernandez";"2023-07-10";"2023-07-25";15;"15-30 jrs"
10262;1370;"Hernandez";"2023-07-10";"2023-09-01";191;"Plus de 60 jrs"
10262;1370;"Hernandez";"2023-07-10";"2023-06-02";-108;"négatif jrs"
10263;1323;"Vanauf";"2023-07-14";"2022-12-04";-9510;"négatif jrs"
10263;1323;"Vanauf";"2023-07-14";"2023-07-26";12;"8-14 jrs"
10264;1216;"Patterson";"2023-07-16";"2023-07-27";11;"8-14 jrs"
10264;1216;"Patterson";"2023-07-16";"2023-10-07";291;"Plus de 60 jrs"
10265;1611;"Fixter";"2023-07-18";"2023-08-13";95;"Plus de 60 jrs"
10265;1611;"Fixter";"2023-07-18";"2022-12-25";-9493;"négatif jrs"
10266;1401;"Castillo";"2023-07-22";"2022-12-03";-9519;"négatif jrs"
10266;1401;"Castillo";"2023-07-22";"2023-08-03";81;"Plus de 60 jrs"
10267;1286;"Tseng";"2023-07-23";"2023-01-06";-617;"négatif jrs"
10267;1286;"Tseng";"2023-07-23";"2023-08-11";88;"Plus de 60 jrs"
10267;1286;"Tseng";"2023-07-23";"2022-07-03";-10020;"négatif jrs"
10267;1286;"Tseng";"2023-07-23";"2023-12-30";507;"Plus de 60 jrs"
10268;1612;"Marsh";"2023-07-28";"2023-08-10";82;"Plus de 60 jrs"
10268;1612;"Marsh";"2023-07-28";"2023-04-30";-298;"négatif jrs"
10269;1401;"Castillo";"2023-08-01";"2022-05-27";-10274;"négatif jrs"
10269;1401;"Castillo";"2023-08-01";"2023-08-17";16;"15-30 jrs"
10269;1401;"Castillo";"2023-08-01";"2023-12-13";412;"Plus de 60 jrs"
10270;1611;"Fixter";"2023-08-04";"2022-08-18";-9986;"négatif jrs"
10270;1611;"Fixter";"2023-08-04";"2023-08-18";14;"8-14 jrs"
10270;1611;"Fixter";"2023-08-04";"2024-01-19";9315;"Plus de 60 jrs"
10271;1165;"Jennings";"2023-08-05";"2023-09-13";108;"Plus de 60 jrs"
10271;1165;"Jennings";"2023-08-05";"2022-04-26";-10379;"négatif jrs"
10271;1165;"Jennings";"2023-08-05";"2024-01-12";9307;"Plus de 60 jrs"
10271;1165;"Jennings";"2023-08-05";"2023-11-18";313;"Plus de 60 jrs"
10271;1165;"Jennings";"2023-08-05";"2022-08-30";-9975;"négatif jrs"
10271;1165;"Jennings";"2023-08-05";"2023-04-11";-394;"négatif jrs"
10271;1165;"Jennings";"2023-08-05";"2022-12-10";-9595;"négatif jrs"
10272;1216;"Patterson";"2023-08-05";"2023-12-05";400;"Plus de 60 jrs"
10272;1216;"Patterson";"2023-08-05";"2023-09-23";118;"Plus de 60 jrs"
10273;1401;"Castillo";"2023-08-06";"2023-08-25";19;"15-30 jrs"
10273;1401;"Castillo";"2023-08-06";"2023-03-19";-487;"négatif jrs"
10274;1188;"Firrelli";"2023-08-06";"2024-02-28";9422;"Plus de 60 jrs"
10274;1188;"Firrelli";"2023-08-06";"2022-10-01";-9805;"négatif jrs"
10274;1188;"Firrelli";"2023-08-06";"2023-08-18";12;"8-14 jrs"
10275;1370;"Hernandez";"2023-08-08";"2023-11-30";322;"Plus de 60 jrs"
10275;1370;"Hernandez";"2023-08-08";"2023-08-24";16;"15-30 jrs"
10275;1370;"Hernandez";"2023-08-08";"2024-03-09";9501;"Plus de 60 jrs"
10276;1188;"Firrelli";"2023-08-18";"2023-08-29";11;"8-14 jrs"
10276;1188;"Firrelli";"2023-08-18";"2023-10-10";192;"Plus de 60 jrs"
10277;1621;"Nishi";"2023-08-20";"2022-05-07";-10313;"négatif jrs"
10277;1621;"Nishi";"2023-08-20";"2023-08-27";7;"0-7 jrs"
10277;1621;"Nishi";"2023-08-20";"2023-01-10";-710;"négatif jrs"
10278;1166;"Thompson";"2023-08-22";"2024-01-02";9280;"Plus de 60 jrs"
10278;1166;"Thompson";"2023-08-22";"2022-06-21";-10201;"négatif jrs"
10278;1166;"Thompson";"2023-08-22";"2023-09-05";83;"Plus de 60 jrs"
10279;1370;"Hernandez";"2023-08-25";"2022-08-03";-10022;"négatif jrs"
10279;1370;"Hernandez";"2023-08-25";"2023-11-17";292;"Plus de 60 jrs"
10279;1370;"Hernandez";"2023-08-25";"2023-02-14";-611;"négatif jrs"
10279;1370;"Hernandez";"2023-08-25";"2024-01-16";9291;"Plus de 60 jrs"
10279;1370;"Hernandez";"2023-08-25";"2022-11-10";-9715;"négatif jrs"
10279;1370;"Hernandez";"2023-08-25";"2022-03-12";-10513;"négatif jrs"
10279;1370;"Hernandez";"2023-08-25";"2022-12-24";-9601;"négatif jrs"
10279;1370;"Hernandez";"2023-08-25";"2023-07-25";-100;"négatif jrs"
10279;1370;"Hernandez";"2023-08-25";"2023-09-01";76;"Plus de 60 jrs"
10279;1370;"Hernandez";"2023-08-25";"2023-06-02";-223;"négatif jrs"
10280;1401;"Castillo";"2023-09-02";"2023-10-05";103;"Plus de 60 jrs"
10280;1401;"Castillo";"2023-09-02";"2023-09-20";18;"15-30 jrs"
10281;1216;"Patterson";"2023-09-04";"2023-12-05";301;"Plus de 60 jrs"
10281;1216;"Patterson";"2023-09-04";"2023-09-23";19;"15-30 jrs"
10282;1165;"Jennings";"2023-09-05";"2023-09-13";8;"8-14 jrs"
10282;1165;"Jennings";"2023-09-05";"2022-04-26";-10479;"négatif jrs"
10282;1165;"Jennings";"2023-09-05";"2024-01-12";9207;"Plus de 60 jrs"
10282;1165;"Jennings";"2023-09-05";"2023-11-18";213;"Plus de 60 jrs"
10282;1165;"Jennings";"2023-09-05";"2022-08-30";-10075;"négatif jrs"
10282;1165;"Jennings";"2023-09-05";"2023-04-11";-494;"négatif jrs"
10282;1165;"Jennings";"2023-09-05";"2022-12-10";-9695;"négatif jrs"
10283;1323;"Vanauf";"2023-09-05";"2023-09-15";10;"8-14 jrs"
10283;1323;"Vanauf";"2023-09-05";"2023-05-10";-395;"négatif jrs"
10284;1504;"Jones";"2023-09-06";"2022-11-08";-9798;"négatif jrs"
10284;1504;"Jones";"2023-09-06";"2023-09-21";15;"15-30 jrs"
10285;1216;"Patterson";"2023-09-12";"2023-11-13";201;"Plus de 60 jrs"
10285;1216;"Patterson";"2023-09-12";"2023-09-21";9;"8-14 jrs"
10286;1337;"Bondur";"2023-09-13";"2023-09-25";12;"8-14 jrs"
10286;1337;"Bondur";"2023-09-13";"2023-12-20";307;"Plus de 60 jrs"
10286;1337;"Bondur";"2023-09-13";"2022-05-05";-10408;"négatif jrs"
10287;1702;"Gerard";"2023-09-15";"2023-03-29";-586;"négatif jrs"
10287;1702;"Gerard";"2023-09-15";"2023-10-04";89;"Plus de 60 jrs"
10288;1612;"Marsh";"2023-09-17";"2023-10-02";85;"Plus de 60 jrs"
10288;1612;"Marsh";"2023-09-17";"2023-07-23";-194;"négatif jrs"
10288;1612;"Marsh";"2023-09-17";"2023-03-15";-602;"négatif jrs"
10289;1504;"Jones";"2023-09-19";"2023-10-05";86;"Plus de 60 jrs"
10289;1504;"Jones";"2023-09-19";"2022-12-18";-9701;"négatif jrs"
10290;1216;"Patterson";"2023-09-23";"2023-12-22";299;"Plus de 60 jrs"
10290;1216;"Patterson";"2023-09-23";"2022-07-21";-10202;"négatif jrs"
10290;1216;"Patterson";"2023-09-23";"2023-10-07";84;"Plus de 60 jrs"
10291;1504;"Jones";"2023-09-24";"2023-10-16";92;"Plus de 60 jrs"
10292;1323;"Vanauf";"2023-09-24";"2022-03-27";-10597;"négatif jrs"
10292;1323;"Vanauf";"2023-09-24";"2023-12-18";294;"Plus de 60 jrs"
10292;1323;"Vanauf";"2023-09-24";"2023-09-27";3;"0-7 jrs"
10293;1401;"Castillo";"2023-09-25";"2023-10-05";80;"Plus de 60 jrs"
10293;1401;"Castillo";"2023-09-25";"2023-09-20";-5;"négatif jrs"
10294;1188;"Firrelli";"2023-09-26";"2023-08-29";-97;"négatif jrs"
10294;1188;"Firrelli";"2023-09-26";"2023-10-10";84;"Plus de 60 jrs"
10295;1216;"Patterson";"2023-09-26";"2023-07-27";-199;"négatif jrs"
10295;1216;"Patterson";"2023-09-26";"2023-10-07";81;"Plus de 60 jrs"
10296;1504;"Jones";"2023-10-01";"2023-10-14";13;"8-14 jrs"
10297;1504;"Jones";"2023-10-02";"2023-10-19";17;"15-30 jrs"
10297;1504;"Jones";"2023-10-02";"2023-03-17";-685;"négatif jrs"
10298;1370;"Hernandez";"2023-10-13";"2023-11-04";91;"Plus de 60 jrs"
10298;1370;"Hernandez";"2023-10-13";"2022-06-20";-10393;"négatif jrs"
10298;1370;"Hernandez";"2023-10-13";"2024-01-03";9090;"Plus de 60 jrs"
10299;1501;"Bott";"2023-10-16";"2022-11-11";-9905;"négatif jrs"
10299;1501;"Bott";"2023-10-16";"2023-11-06";90;"Plus de 60 jrs"
10300;1504;"Jones";"2022-10-19";"2022-02-12";-807;"négatif jrs"
10300;1504;"Jones";"2022-10-19";"2022-11-02";83;"Plus de 60 jrs"
10300;1504;"Jones";"2022-10-19";"2023-04-09";9390;"Plus de 60 jrs"
10300;1504;"Jones";"2022-10-19";"2023-12-04";10185;"Plus de 60 jrs"
10301;1504;"Jones";"2022-10-20";"2022-11-08";88;"Plus de 60 jrs"
10301;1504;"Jones";"2022-10-20";"2023-09-21";9901;"Plus de 60 jrs"
10302;1501;"Bott";"2022-10-21";"2022-11-04";83;"Plus de 60 jrs"
10302;1501;"Bott";"2022-10-21";"2023-07-01";9680;"Plus de 60 jrs"
10303;1702;"Gerard";"2023-10-22";"2023-11-11";89;"Plus de 60 jrs"
10303;1702;"Gerard";"2023-10-22";"2022-12-14";-9808;"négatif jrs"
10304;1370;"Hernandez";"2023-10-27";"2023-02-25";-802;"négatif jrs"
10304;1370;"Hernandez";"2023-10-27";"2023-11-07";80;"Plus de 60 jrs"
10305;1216;"Patterson";"2023-10-29";"2023-11-13";84;"Plus de 60 jrs"
10305;1216;"Patterson";"2023-10-29";"2023-09-21";-108;"négatif jrs"
10306;1501;"Bott";"2023-10-30";"2023-11-19";89;"Plus de 60 jrs"
10306;1501;"Bott";"2023-10-30";"2023-12-24";194;"Plus de 60 jrs"
10306;1501;"Bott";"2023-10-30";"2022-04-11";-10619;"négatif jrs"
10307;1188;"Firrelli";"2023-10-30";"2023-11-09";79;"Plus de 60 jrs"
10307;1188;"Firrelli";"2023-10-30";"2022-12-13";-9817;"négatif jrs"
10308;1323;"Vanauf";"2023-10-31";"2023-11-22";91;"Plus de 60 jrs"
10308;1323;"Vanauf";"2023-10-31";"2022-12-22";-9809;"négatif jrs"
10309;1504;"Jones";"2023-10-31";"2022-03-03";-10728;"négatif jrs"
10309;1504;"Jones";"2023-10-31";"2022-11-12";-9919;"négatif jrs"
10309;1504;"Jones";"2023-10-31";"2023-11-20";89;"Plus de 60 jrs"
10309;1504;"Jones";"2023-10-31";"2023-12-14";183;"Plus de 60 jrs"
10310;1504;"Jones";"2023-11-01";"2023-11-22";21;"15-30 jrs"
10310;1504;"Jones";"2023-11-01";"2022-12-22";-9879;"négatif jrs"
10311;1370;"Hernandez";"2023-11-01";"2022-08-03";-10298;"négatif jrs"
10311;1370;"Hernandez";"2023-11-01";"2023-11-17";16;"15-30 jrs"
10311;1370;"Hernandez";"2023-11-01";"2023-02-14";-887;"négatif jrs"
10311;1370;"Hernandez";"2023-11-01";"2024-01-16";9015;"Plus de 60 jrs"
10311;1370;"Hernandez";"2023-11-01";"2022-11-10";-9991;"négatif jrs"
10311;1370;"Hernandez";"2023-11-01";"2022-03-12";-10789;"négatif jrs"
10311;1370;"Hernandez";"2023-11-01";"2022-12-24";-9877;"négatif jrs"
10311;1370;"Hernandez";"2023-11-01";"2023-07-25";-376;"négatif jrs"
10311;1370;"Hernandez";"2023-11-01";"2023-09-01";-200;"négatif jrs"
10311;1370;"Hernandez";"2023-11-01";"2023-06-02";-499;"négatif jrs"
10312;1165;"Jennings";"2023-11-06";"2023-09-13";-193;"négatif jrs"
10312;1165;"Jennings";"2023-11-06";"2022-04-26";-10680;"négatif jrs"
10312;1165;"Jennings";"2023-11-06";"2024-01-12";9006;"Plus de 60 jrs"
10312;1165;"Jennings";"2023-11-06";"2023-11-18";12;"8-14 jrs"
10312;1165;"Jennings";"2023-11-06";"2022-08-30";-10276;"négatif jrs"
10312;1165;"Jennings";"2023-11-06";"2023-04-11";-695;"négatif jrs"
10312;1165;"Jennings";"2023-11-06";"2022-12-10";-9896;"négatif jrs"
10313;1323;"Vanauf";"2023-11-07";"2023-01-02";-1005;"négatif jrs"
10313;1323;"Vanauf";"2023-11-07";"2023-11-24";17;"15-30 jrs"
10314;1401;"Castillo";"2023-11-07";"2022-11-15";-9992;"négatif jrs"
10314;1401;"Castillo";"2023-11-07";"2023-11-18";11;"8-14 jrs"
10315;1370;"Hernandez";"2023-11-14";"2023-11-30";16;"15-30 jrs"
10315;1370;"Hernandez";"2023-11-14";"2023-08-24";-290;"négatif jrs"
10315;1370;"Hernandez";"2023-11-14";"2024-03-09";9195;"Plus de 60 jrs"
10316;1501;"Bott";"2023-11-17";"2023-12-02";85;"Plus de 60 jrs"
10316;1501;"Bott";"2023-11-17";"2023-04-13";-704;"négatif jrs"
10317;1165;"Jennings";"2023-11-18";"2023-11-30";12;"8-14 jrs"
10317;1165;"Jennings";"2023-11-18";"2022-12-03";-9915;"négatif jrs"
10317;1165;"Jennings";"2023-11-18";"2024-02-18";9100;"Plus de 60 jrs"
10317;1165;"Jennings";"2023-11-18";"2022-08-20";-10298;"négatif jrs"
10318;1216;"Patterson";"2023-11-18";"2023-12-05";87;"Plus de 60 jrs"
10318;1216;"Patterson";"2023-11-18";"2023-09-23";-195;"négatif jrs"
10319;1286;"Tseng";"2023-11-19";"2023-11-29";10;"8-14 jrs"
10319;1286;"Tseng";"2023-11-19";"2023-05-16";-603;"négatif jrs"
10320;1504;"Jones";"2023-11-19";"2023-12-28";109;"Plus de 60 jrs"
10320;1504;"Jones";"2023-11-19";"2022-04-24";-10695;"négatif jrs"
10321;1216;"Patterson";"2023-11-20";"2022-11-23";-9997;"négatif jrs"
10321;1216;"Patterson";"2023-11-20";"2023-12-13";93;"Plus de 60 jrs"
10322;1216;"Patterson";"2023-11-20";"2023-12-03";83;"Plus de 60 jrs"
10322;1216;"Patterson";"2023-11-20";"2022-01-31";-10989;"négatif jrs"
10322;1216;"Patterson";"2023-11-20";"2022-12-20";-9900;"négatif jrs"
10323;1504;"Jones";"2023-11-21";"2022-02-12";-10909;"négatif jrs"
10323;1504;"Jones";"2023-11-21";"2022-11-02";-10019;"négatif jrs"
10323;1504;"Jones";"2023-11-21";"2023-04-09";-712;"négatif jrs"
10323;1504;"Jones";"2023-11-21";"2023-12-04";83;"Plus de 60 jrs"
10324;1286;"Tseng";"2023-11-21";"2023-05-11";-610;"négatif jrs"
10324;1286;"Tseng";"2023-11-21";"2022-02-14";-10907;"négatif jrs"
10324;1286;"Tseng";"2023-11-21";"2023-12-02";81;"Plus de 60 jrs"
10325;1504;"Jones";"2023-11-21";"2022-03-03";-10818;"négatif jrs"
10325;1504;"Jones";"2023-11-21";"2022-11-12";-10009;"négatif jrs"
10325;1504;"Jones";"2023-11-21";"2023-11-20";-1;"négatif jrs"
10325;1504;"Jones";"2023-11-21";"2023-12-14";93;"Plus de 60 jrs"
10326;1504;"Jones";"2023-11-25";"2023-12-28";103;"Plus de 60 jrs"
10326;1504;"Jones";"2023-11-25";"2022-04-24";-10701;"négatif jrs"
10327;1401;"Castillo";"2023-11-26";"2023-07-19";-407;"négatif jrs"
10327;1401;"Castillo";"2023-11-26";"2023-05-12";-614;"négatif jrs"
10327;1401;"Castillo";"2023-11-26";"2023-12-17";91;"Plus de 60 jrs"
10327;1401;"Castillo";"2023-11-26";"2022-03-07";-10819;"négatif jrs"
10328;1401;"Castillo";"2023-11-28";"2023-12-21";93;"Plus de 60 jrs"
10328;1401;"Castillo";"2023-11-28";"2022-03-17";-10811;"négatif jrs"
10328;1401;"Castillo";"2023-11-28";"2022-12-09";-9919;"négatif jrs"
10329;1323;"Vanauf";"2023-12-01";"2022-03-27";-10874;"négatif jrs"
10329;1323;"Vanauf";"2023-12-01";"2023-12-18";17;"15-30 jrs"
10329;1323;"Vanauf";"2023-12-01";"2023-09-27";-274;"négatif jrs"
10330;1621;"Nishi";"2023-12-02";"2022-12-17";-9985;"négatif jrs"
10330;1621;"Nishi";"2023-12-02";"2023-12-05";3;"0-7 jrs"
10330;1621;"Nishi";"2023-12-02";"2022-03-24";-10878;"négatif jrs"
10331;1323;"Vanauf";"2023-12-03";"2023-04-30";-773;"négatif jrs"
10331;1323;"Vanauf";"2023-12-03";"2023-12-09";6;"0-7 jrs"
10331;1323;"Vanauf";"2023-12-03";"2022-04-04";-10799;"négatif jrs"
10332;1501;"Bott";"2023-12-03";"2023-11-19";-84;"négatif jrs"
10332;1501;"Bott";"2023-12-03";"2023-12-24";21;"15-30 jrs"
10332;1501;"Bott";"2023-12-03";"2022-04-11";-10792;"négatif jrs"
10333;1165;"Jennings";"2023-12-04";"2023-12-24";20;"15-30 jrs"
10333;1165;"Jennings";"2023-12-04";"2022-12-26";-9978;"négatif jrs"
10333;1165;"Jennings";"2023-12-04";"2022-04-24";-10780;"négatif jrs"
10334;1504;"Jones";"2023-12-05";"2023-12-28";23;"15-30 jrs"
10334;1504;"Jones";"2023-12-05";"2022-04-24";-10781;"négatif jrs"
10335;1165;"Jennings";"2023-12-05";"2023-09-13";-292;"négatif jrs"
10335;1165;"Jennings";"2023-12-05";"2022-04-26";-10779;"négatif jrs"
10335;1165;"Jennings";"2023-12-05";"2024-01-12";8907;"Plus de 60 jrs"
10335;1165;"Jennings";"2023-12-05";"2023-11-18";-87;"négatif jrs"
10335;1165;"Jennings";"2023-12-05";"2022-08-30";-10375;"négatif jrs"
10335;1165;"Jennings";"2023-12-05";"2023-04-11";-794;"négatif jrs"
10335;1165;"Jennings";"2023-12-05";"2022-12-10";-9995;"négatif jrs"
10336;1337;"Bondur";"2023-12-06";"2023-09-25";-281;"négatif jrs"
10336;1337;"Bondur";"2023-12-06";"2023-12-20";14;"8-14 jrs"
10336;1337;"Bondur";"2023-12-06";"2022-05-05";-10701;"négatif jrs"
10337;1286;"Tseng";"2023-12-07";"2023-12-23";16;"15-30 jrs"
10337;1286;"Tseng";"2023-12-07";"2022-05-01";-10706;"négatif jrs"
10337;1286;"Tseng";"2023-12-07";"2022-11-15";-10092;"négatif jrs"
10338;1401;"Castillo";"2023-12-08";"2023-12-19";11;"8-14 jrs"
10338;1401;"Castillo";"2023-12-08";"2022-05-04";-10704;"négatif jrs"
10338;1401;"Castillo";"2023-12-08";"2024-02-19";9011;"Plus de 60 jrs"
10338;1401;"Castillo";"2023-12-08";"2022-09-06";-10302;"négatif jrs"
10339;1621;"Nishi";"2023-12-09";"2024-03-01";9092;"Plus de 60 jrs"
10339;1621;"Nishi";"2023-12-09";"2023-07-07";-502;"négatif jrs"
10339;1621;"Nishi";"2023-12-09";"2023-12-15";6;"0-7 jrs"
10340;1702;"Gerard";"2023-12-10";"2022-05-24";-10686;"négatif jrs"
10340;1702;"Gerard";"2023-12-10";"2023-12-22";12;"8-14 jrs"
10340;1702;"Gerard";"2023-12-10";"2022-12-29";-9981;"négatif jrs"
10341;1401;"Castillo";"2023-12-10";"2022-05-27";-10683;"négatif jrs"
10341;1401;"Castillo";"2023-12-10";"2023-08-17";-393;"négatif jrs"
10341;1401;"Castillo";"2023-12-10";"2023-12-13";3;"0-7 jrs"
10342;1611;"Fixter";"2023-12-10";"2022-06-04";-10606;"négatif jrs"
10342;1611;"Fixter";"2023-12-10";"2023-12-31";21;"15-30 jrs"
10342;1611;"Fixter";"2023-12-10";"2022-06-15";-10595;"négatif jrs"
10342;1611;"Fixter";"2023-12-10";"2023-03-26";-884;"négatif jrs"
10343;1337;"Bondur";"2023-12-10";"2024-01-26";8916;"Plus de 60 jrs"
10343;1337;"Bondur";"2023-12-10";"2022-08-05";-10405;"négatif jrs"
10343;1337;"Bondur";"2023-12-10";"2022-06-05";-10605;"négatif jrs"
10344;1337;"Bondur";"2023-12-11";"2023-12-27";16;"15-30 jrs"
10344;1337;"Bondur";"2023-12-11";"2022-06-09";-10602;"négatif jrs"
10344;1337;"Bondur";"2023-12-11";"2024-02-14";9003;"Plus de 60 jrs"
10345;1370;"Hernandez";"2023-12-11";"2023-11-04";-107;"négatif jrs"
10345;1370;"Hernandez";"2023-12-11";"2022-06-20";-10591;"négatif jrs"
10345;1370;"Hernandez";"2023-12-11";"2024-01-03";8892;"Plus de 60 jrs"
10346;1166;"Thompson";"2023-12-15";"2024-01-02";8887;"Plus de 60 jrs"
10346;1166;"Thompson";"2023-12-15";"2022-06-21";-10594;"négatif jrs"
10346;1166;"Thompson";"2023-12-15";"2023-09-05";-310;"négatif jrs"
10347;1611;"Fixter";"2023-12-15";"2022-06-04";-10611;"négatif jrs"
10347;1611;"Fixter";"2023-12-15";"2023-12-31";16;"15-30 jrs"
10347;1611;"Fixter";"2023-12-15";"2022-06-15";-10600;"négatif jrs"
10347;1611;"Fixter";"2023-12-15";"2023-03-26";-889;"négatif jrs"
10348;1702;"Gerard";"2023-11-17";"2023-12-01";84;"Plus de 60 jrs"
10348;1702;"Gerard";"2023-11-17";"2023-02-21";-896;"négatif jrs"
10348;1702;"Gerard";"2023-11-17";"2022-06-28";-10489;"négatif jrs"
10349;1286;"Tseng";"2023-12-17";"2023-01-06";-1111;"négatif jrs"
10349;1286;"Tseng";"2023-12-17";"2023-08-11";-406;"négatif jrs"
10349;1286;"Tseng";"2023-12-17";"2022-07-03";-10514;"négatif jrs"
10349;1286;"Tseng";"2023-12-17";"2023-12-30";13;"8-14 jrs"
10350;1370;"Hernandez";"2023-12-18";"2022-08-03";-10415;"négatif jrs"
10350;1370;"Hernandez";"2023-12-18";"2023-11-17";-101;"négatif jrs"
10350;1370;"Hernandez";"2023-12-18";"2023-02-14";-1004;"négatif jrs"
10350;1370;"Hernandez";"2023-12-18";"2024-01-16";8898;"Plus de 60 jrs"
10350;1370;"Hernandez";"2023-12-18";"2022-11-10";-10108;"négatif jrs"
10350;1370;"Hernandez";"2023-12-18";"2022-03-12";-10906;"négatif jrs"
10350;1370;"Hernandez";"2023-12-18";"2022-12-24";-9994;"négatif jrs"
10350;1370;"Hernandez";"2023-12-18";"2023-07-25";-493;"négatif jrs"
10350;1370;"Hernandez";"2023-12-18";"2023-09-01";-317;"négatif jrs"
10350;1370;"Hernandez";"2023-12-18";"2023-06-02";-616;"négatif jrs"
10351;1501;"Bott";"2023-12-19";"2023-12-29";10;"8-14 jrs"
10351;1501;"Bott";"2023-12-19";"2022-07-22";-10497;"négatif jrs"
10351;1501;"Bott";"2023-12-19";"2022-12-08";-10011;"négatif jrs"
10352;1216;"Patterson";"2023-12-19";"2023-12-22";3;"0-7 jrs"
10352;1216;"Patterson";"2023-12-19";"2022-07-21";-10498;"négatif jrs"
10352;1216;"Patterson";"2023-12-19";"2023-10-07";-212;"négatif jrs"
10353;1323;"Vanauf";"2023-12-20";"2022-09-30";-10290;"négatif jrs"
10353;1323;"Vanauf";"2023-12-20";"2022-07-10";-10510;"négatif jrs"
10353;1323;"Vanauf";"2023-12-20";"2024-01-02";8882;"Plus de 60 jrs"
10354;1612;"Marsh";"2023-12-20";"2023-07-10";-510;"négatif jrs"
10354;1612;"Marsh";"2023-12-20";"2022-07-20";-10500;"négatif jrs"
10354;1612;"Marsh";"2023-12-20";"2024-01-09";8889;"Plus de 60 jrs"
10355;1370;"Hernandez";"2023-12-23";"2022-08-03";-10420;"négatif jrs"
10355;1370;"Hernandez";"2023-12-23";"2023-11-17";-106;"négatif jrs"
10355;1370;"Hernandez";"2023-12-23";"2023-02-14";-1009;"négatif jrs"
10355;1370;"Hernandez";"2023-12-23";"2024-01-16";8893;"Plus de 60 jrs"
10355;1370;"Hernandez";"2023-12-23";"2022-11-10";-10113;"négatif jrs"
10355;1370;"Hernandez";"2023-12-23";"2022-03-12";-10911;"négatif jrs"
10355;1370;"Hernandez";"2023-12-23";"2022-12-24";-9999;"négatif jrs"
10355;1370;"Hernandez";"2023-12-23";"2023-07-25";-498;"négatif jrs"
10355;1370;"Hernandez";"2023-12-23";"2023-09-01";-322;"négatif jrs"
10355;1370;"Hernandez";"2023-12-23";"2023-06-02";-621;"négatif jrs"
10356;1337;"Bondur";"2023-12-25";"2024-01-15";8890;"Plus de 60 jrs"
10356;1337;"Bondur";"2023-12-25";"2022-08-02";-10423;"négatif jrs"
10357;1165;"Jennings";"2023-12-26";"2023-09-13";-313;"négatif jrs"
10357;1165;"Jennings";"2023-12-26";"2022-04-26";-10800;"négatif jrs"
10357;1165;"Jennings";"2023-12-26";"2024-01-12";8886;"Plus de 60 jrs"
10357;1165;"Jennings";"2023-12-26";"2023-11-18";-108;"négatif jrs"
10357;1165;"Jennings";"2023-12-26";"2022-08-30";-10396;"négatif jrs"
10357;1165;"Jennings";"2023-12-26";"2023-04-11";-815;"négatif jrs"
10357;1165;"Jennings";"2023-12-26";"2022-12-10";-10016;"négatif jrs"
10358;1370;"Hernandez";"2023-12-26";"2022-08-03";-10423;"négatif jrs"
10358;1370;"Hernandez";"2023-12-26";"2023-11-17";-109;"négatif jrs"
10358;1370;"Hernandez";"2023-12-26";"2023-02-14";-1012;"négatif jrs"
10358;1370;"Hernandez";"2023-12-26";"2024-01-16";8890;"Plus de 60 jrs"
10358;1370;"Hernandez";"2023-12-26";"2022-11-10";-10116;"négatif jrs"
10358;1370;"Hernandez";"2023-12-26";"2022-03-12";-10914;"négatif jrs"
10358;1370;"Hernandez";"2023-12-26";"2022-12-24";-10002;"négatif jrs"
10358;1370;"Hernandez";"2023-12-26";"2023-07-25";-501;"négatif jrs"
10358;1370;"Hernandez";"2023-12-26";"2023-09-01";-325;"négatif jrs"
10358;1370;"Hernandez";"2023-12-26";"2023-06-02";-624;"négatif jrs"
10359;1337;"Bondur";"2023-12-31";"2024-01-26";8895;"Plus de 60 jrs"
10359;1337;"Bondur";"2023-12-31";"2022-08-05";-10426;"négatif jrs"
10359;1337;"Bondur";"2023-12-31";"2022-06-05";-10626;"négatif jrs"
10360;1612;"Marsh";"2024-01-01";"2022-07-31";-19370;"négatif jrs"
10360;1612;"Marsh";"2024-01-01";"2024-01-16";15;"15-30 jrs"
10361;1611;"Fixter";"2024-01-02";"2022-08-18";-19284;"négatif jrs"
10361;1611;"Fixter";"2024-01-02";"2023-08-18";-9284;"négatif jrs"
10361;1611;"Fixter";"2024-01-02";"2024-01-19";17;"15-30 jrs"
10362;1165;"Jennings";"2024-01-21";"2023-11-30";-8991;"négatif jrs"
10362;1165;"Jennings";"2024-01-21";"2022-12-03";-18918;"négatif jrs"
10362;1165;"Jennings";"2024-01-21";"2024-02-18";97;"Plus de 60 jrs"
10362;1165;"Jennings";"2024-01-21";"2022-08-20";-19301;"négatif jrs"
10363;1501;"Bott";"2024-01-22";"2024-02-12";90;"Plus de 60 jrs"
10363;1501;"Bott";"2024-01-22";"2022-08-31";-19291;"négatif jrs"
10363;1501;"Bott";"2024-01-22";"2023-06-07";-9515;"négatif jrs"
10364;1337;"Bondur";"2024-01-22";"2023-12-27";-8895;"négatif jrs"
10364;1337;"Bondur";"2024-01-22";"2022-06-09";-19513;"négatif jrs"
10364;1337;"Bondur";"2024-01-22";"2024-02-14";92;"Plus de 60 jrs"
10365;1188;"Firrelli";"2024-01-23";"2024-02-03";80;"Plus de 60 jrs"
10365;1188;"Firrelli";"2024-01-23";"2022-09-04";-19219;"négatif jrs"
10365;1188;"Firrelli";"2024-01-23";"2022-12-09";-18914;"négatif jrs"
10366;1401;"Castillo";"2024-01-26";"2023-12-19";-8907;"négatif jrs"
10366;1401;"Castillo";"2024-01-26";"2022-05-04";-19622;"négatif jrs"
10366;1401;"Castillo";"2024-01-26";"2024-02-19";93;"Plus de 60 jrs"
10366;1401;"Castillo";"2024-01-26";"2022-09-06";-19220;"négatif jrs"
10367;1166;"Thompson";"2024-01-28";"2022-12-19";-18909;"négatif jrs"
10367;1166;"Thompson";"2024-01-28";"2022-09-20";-19208;"négatif jrs"
10367;1166;"Thompson";"2024-01-28";"2024-02-22";94;"Plus de 60 jrs"
10368;1165;"Jennings";"2024-02-04";"2023-09-13";-9291;"négatif jrs"
10368;1165;"Jennings";"2024-02-04";"2022-04-26";-19778;"négatif jrs"
10368;1165;"Jennings";"2024-02-04";"2024-01-12";-92;"négatif jrs"
10368;1165;"Jennings";"2024-02-04";"2023-11-18";-9086;"négatif jrs"
10368;1165;"Jennings";"2024-02-04";"2022-08-30";-19374;"négatif jrs"
10368;1165;"Jennings";"2024-02-04";"2023-04-11";-9793;"négatif jrs"
10368;1165;"Jennings";"2024-02-04";"2022-12-10";-18994;"négatif jrs"
10369;1188;"Firrelli";"2024-02-05";"2024-02-28";23;"15-30 jrs"
10369;1188;"Firrelli";"2024-02-05";"2022-10-01";-19204;"négatif jrs"
10369;1188;"Firrelli";"2024-02-05";"2023-08-18";-9387;"négatif jrs"
10370;1611;"Fixter";"2024-02-05";"2024-02-25";20;"15-30 jrs"
10370;1611;"Fixter";"2024-02-05";"2022-11-28";-19077;"négatif jrs"
10370;1611;"Fixter";"2024-02-05";"2022-10-13";-19192;"négatif jrs"
10371;1165;"Jennings";"2024-02-08";"2023-09-13";-9295;"négatif jrs"
10371;1165;"Jennings";"2024-02-08";"2022-04-26";-19782;"négatif jrs"
10371;1165;"Jennings";"2024-02-08";"2024-01-12";-96;"négatif jrs"
10371;1165;"Jennings";"2024-02-08";"2023-11-18";-9090;"négatif jrs"
10371;1165;"Jennings";"2024-02-08";"2022-08-30";-19378;"négatif jrs"
10371;1165;"Jennings";"2024-02-08";"2023-04-11";-9797;"négatif jrs"
10371;1165;"Jennings";"2024-02-08";"2022-12-10";-18998;"négatif jrs"
10372;1621;"Nishi";"2024-02-11";"2024-03-01";90;"Plus de 60 jrs"
10372;1621;"Nishi";"2024-02-11";"2023-07-07";-9504;"négatif jrs"
10372;1621;"Nishi";"2024-02-11";"2023-12-15";-8996;"négatif jrs"
10373;1501;"Bott";"2024-02-16";"2024-03-02";86;"Plus de 60 jrs"
10373;1501;"Bott";"2024-02-16";"2022-10-21";-19195;"négatif jrs"
10373;1501;"Bott";"2024-02-16";"2023-05-11";-9705;"négatif jrs"
10374;1611;"Fixter";"2024-02-18";"2022-11-30";-19088;"négatif jrs"
10374;1611;"Fixter";"2024-02-18";"2022-11-01";-19117;"négatif jrs"
10375;1370;"Hernandez";"2024-02-19";"2023-11-30";-9089;"négatif jrs"
10375;1370;"Hernandez";"2024-02-19";"2023-08-24";-9395;"négatif jrs"
10375;1370;"Hernandez";"2024-02-19";"2024-03-09";90;"Plus de 60 jrs"
10376;1166;"Thompson";"2024-02-24";"2022-11-02";-19122;"négatif jrs"
10377;1501;"Bott";"2024-02-25";"2022-11-11";-19114;"négatif jrs"
10377;1501;"Bott";"2024-02-25";"2023-11-06";-9119;"négatif jrs"
10378;1370;"Hernandez";"2024-02-26";"2022-08-03";-19423;"négatif jrs"
10378;1370;"Hernandez";"2024-02-26";"2023-11-17";-9109;"négatif jrs"
10378;1370;"Hernandez";"2024-02-26";"2023-02-14";-10012;"négatif jrs"
10378;1370;"Hernandez";"2024-02-26";"2024-01-16";-110;"négatif jrs"
10378;1370;"Hernandez";"2024-02-26";"2022-11-10";-19116;"négatif jrs"
10378;1370;"Hernandez";"2024-02-26";"2022-03-12";-19914;"négatif jrs"
10378;1370;"Hernandez";"2024-02-26";"2022-12-24";-19002;"négatif jrs"
10378;1370;"Hernandez";"2024-02-26";"2023-07-25";-9501;"négatif jrs"
10378;1370;"Hernandez";"2024-02-26";"2023-09-01";-9325;"négatif jrs"
10378;1370;"Hernandez";"2024-02-26";"2023-06-02";-9624;"négatif jrs"
10379;1370;"Hernandez";"2024-02-26";"2022-08-03";-19423;"négatif jrs"
10379;1370;"Hernandez";"2024-02-26";"2023-11-17";-9109;"négatif jrs"
10379;1370;"Hernandez";"2024-02-26";"2023-02-14";-10012;"négatif jrs"
10379;1370;"Hernandez";"2024-02-26";"2024-01-16";-110;"négatif jrs"
10379;1370;"Hernandez";"2024-02-26";"2022-11-10";-19116;"négatif jrs"
10379;1370;"Hernandez";"2024-02-26";"2022-03-12";-19914;"négatif jrs"
10379;1370;"Hernandez";"2024-02-26";"2022-12-24";-19002;"négatif jrs"
10379;1370;"Hernandez";"2024-02-26";"2023-07-25";-9501;"négatif jrs"
10379;1370;"Hernandez";"2024-02-26";"2023-09-01";-9325;"négatif jrs"
10379;1370;"Hernandez";"2024-02-26";"2023-06-02";-9624;"négatif jrs"
10380;1370;"Hernandez";"2024-03-03";"2022-08-03";-19500;"négatif jrs"
10380;1370;"Hernandez";"2024-03-03";"2023-11-17";-9186;"négatif jrs"
10380;1370;"Hernandez";"2024-03-03";"2023-02-14";-10089;"négatif jrs"
10380;1370;"Hernandez";"2024-03-03";"2024-01-16";-187;"négatif jrs"
10380;1370;"Hernandez";"2024-03-03";"2022-11-10";-19193;"négatif jrs"
10380;1370;"Hernandez";"2024-03-03";"2022-03-12";-19991;"négatif jrs"
10380;1370;"Hernandez";"2024-03-03";"2022-12-24";-19079;"négatif jrs"
10380;1370;"Hernandez";"2024-03-03";"2023-07-25";-9578;"négatif jrs"
10380;1370;"Hernandez";"2024-03-03";"2023-09-01";-9402;"négatif jrs"
10380;1370;"Hernandez";"2024-03-03";"2023-06-02";-9701;"négatif jrs"
10381;1165;"Jennings";"2024-03-04";"2022-11-18";-19186;"négatif jrs"
10382;1165;"Jennings";"2024-03-04";"2023-09-13";-9391;"négatif jrs"
10382;1165;"Jennings";"2024-03-04";"2022-04-26";-19878;"négatif jrs"
10382;1165;"Jennings";"2024-03-04";"2024-01-12";-192;"négatif jrs"
10382;1165;"Jennings";"2024-03-04";"2023-11-18";-9186;"négatif jrs"
10382;1165;"Jennings";"2024-03-04";"2022-08-30";-19474;"négatif jrs"
10382;1165;"Jennings";"2024-03-04";"2023-04-11";-9893;"négatif jrs"
10382;1165;"Jennings";"2024-03-04";"2022-12-10";-19094;"négatif jrs"
