"orderDate";"productLine";"customerNumber";"region";"monthYear";"revenu_total";"quantity_sold"
"2023-09-15";"Classic Cars";298;"Switzerland";"2023-09";61402.0;595.0
"2023-01-31";"Classic Cars";141;"Spain";"2023-01";59830.55;612.0
"2023-11-01";"Classic Cars";259;"Germany";"2023-11";57363.83;541.0
"2022-12-05";"Classic Cars";363;"USA";"2022-12";55425.77;585.0
"2022-11-27";"Classic Cars";167;"Norway  ";"2022-11";55069.55;522.0
"2023-07-22";"Classic Cars";386;"Italy";"2023-07";51619.02;495.0
"2023-11-20";"Classic Cars";462;"USA";"2023-11";48355.87;490.0
"2022-05-23";"Classic Cars";350;"France";"2022-05";47710.07;479.0
"2023-03-09";"Classic Cars";298;"Switzerland";"2023-03";47375.92;483.0
"2022-12-17";"Classic Cars";151;"USA";"2022-12";45483.87;469.0
"2023-06-17";"Classic Cars";201;"UK";"2023-06";45443.54;429.0
"2022-07-17";"Classic Cars";124;"USA";"2022-07";43912.88;426.0
"2023-11-06";"Vintage Cars";124;"USA";"2023-11";42105.26;521.0
"2022-03-18";"Classic Cars";385;"Philippines";"2022-03";40231.62;391.0
"2022-12-17";"Classic Cars";141;"Spain";"2022-12";40062.53;391.0
"2022-09-09";"Motorcycles";205;"USA";"2022-09";40041.75;440.0
"2022-06-18";"Classic Cars";151;"USA";"2022-06";39756.16;305.0
"2023-09-02";"Vintage Cars";249;"Italy";"2023-09";38952.17;493.0
"2023-12-10";"Classic Cars";114;"Australia";"2023-12";38762.28;394.0
"2022-09-26";"Classic Cars";276;"Australia";"2022-09";38707.23;396.0
"2023-09-12";"Motorcycles";286;"USA";"2023-09";38542.24;429.0
"2024-02-26";"Classic Cars";141;"Spain";"2024-02";38317.44;402.0
"2022-03-04";"Planes";278;"Italy";"2022-03";37136.27;460.0
"2022-10-20";"Classic Cars";299;"Norway  ";"2022-10";36798.88;369.0
"2022-11-01";"Classic Cars";227;"Denmark";"2022-11";36164.46;358.0
"2023-11-07";"Classic Cars";227;"Denmark";"2023-11";35770.02;312.0
"2024-01-22";"Classic Cars";334;"Finland";"2024-01";35585.32;362.0
"2023-07-28";"Vintage Cars";412;"New Zealand";"2023-07";35034.57;402.0
"2022-11-06";"Classic Cars";148;"Singapore";"2022-11";34889.42;285.0
"2023-12-06";"Classic Cars";172;"France";"2023-12";34594.75;286.0
"2022-11-26";"Motorcycles";171;"France";"2022-11";34378.29;386.0
"2023-08-18";"Classic Cars";204;"USA";"2023-08";34054.82;319.0
"2022-12-06";"Vintage Cars";471;"Australia";"2022-12";33848.63;422.0
"2023-12-03";"Classic Cars";486;"USA";"2023-12";33571.23;313.0
"2023-08-22";"Classic Cars";112;"USA";"2023-08";33347.88;318.0
"2023-05-27";"Planes";450;"USA";"2023-05";33228.69;372.0
"2022-11-20";"Vintage Cars";278;"Italy";"2022-11";33175.68;418.0
"2023-07-14";"Motorcycles";175;"USA";"2023-07";32868.17;307.0
"2022-09-20";"Classic Cars";379;"USA";"2022-09";32680.31;341.0
"2022-11-21";"Classic Cars";386;"Italy";"2022-11";32646.81;242.0
"2023-11-01";"Classic Cars";141;"Spain";"2023-11";32367.15;342.0
"2022-10-25";"Motorcycles";321;"USA";"2022-10";31790.22;369.0
"2023-06-03";"Motorcycles";328;"USA";"2023-06";31102.85;286.0
"2022-11-02";"Vintage Cars";321;"USA";"2022-11";30876.44;391.0
"2023-07-01";"Trucks and Buses";166;"Singapore";"2023-07";30581.62;312.0
"2022-12-24";"Trucks and Buses";495;"USA";"2022-12";30258.39;311.0
"2022-09-27";"Vintage Cars";487;"USA";"2022-09";29997.09;367.0
"2023-11-20";"Vintage Cars";363;"USA";"2023-11";29152.82;342.0
"2023-10-27";"Vintage Cars";256;"France";"2023-10";29059.67;386.0
"2023-12-03";"Vintage Cars";187;"UK";"2023-12";28835.03;398.0
"2023-12-17";"Classic Cars";151;"USA";"2023-12";28505.66;253.0
"2023-04-25";"Classic Cars";145;"Denmark";"2023-04";28211.7;280.0
"2023-03-18";"Vintage Cars";146;"France";"2023-03";27873.83;345.0
"2023-09-05";"Classic Cars";124;"USA";"2023-09";27855.32;214.0
"2023-11-18";"Motorcycles";157;"USA";"2023-11";27509.67;291.0
"2022-12-03";"Motorcycles";167;"Norway  ";"2022-12";27167.72;272.0
"2023-11-28";"Planes";278;"Italy";"2023-11";27069.6;342.0
"2022-11-27";"Vintage Cars";124;"USA";"2022-11";26852.02;342.0
"2023-03-07";"Motorcycles";114;"Australia";"2023-03";26696.35;252.0
"2022-12-24";"Classic Cars";495;"USA";"2022-12";26518.25;259.0
"2023-07-10";"Planes";141;"Spain";"2023-07";26507.16;311.0
"2023-02-27";"Classic Cars";189;"Ireland";"2023-02";26413.74;202.0
"2023-10-16";"Motorcycles";186;"Finland";"2023-10";26386.84;301.0
"2023-01-27";"Planes";177;"Japan";"2023-01";26179.8;322.0
"2023-05-15";"Vintage Cars";141;"Spain";"2023-05";26155.91;301.0
"2023-01-30";"Classic Cars";406;"France";"2023-01";26091.09;243.0
"2023-07-02";"Classic Cars";357;"New Zealand";"2023-07";25856.52;166.0
"2022-03-25";"Classic Cars";486;"USA";"2022-03";25833.14;212.0
"2022-11-12";"Planes";161;"USA";"2022-11";25731.24;327.0
"2023-09-06";"Planes";299;"Norway  ";"2023-09";25719.05;296.0
"2023-03-27";"Trucks and Buses";124;"USA";"2023-03";25558.04;282.0
"2023-09-04";"Trucks and Buses";157;"USA";"2023-09";25440.29;289.0
"2022-12-05";"Classic Cars";259;"Germany";"2022-12";25368.48;274.0
"2022-04-02";"Classic Cars";187;"UK";"2022-04";25305.78;297.0
"2023-03-31";"Classic Cars";128;"Germany";"2023-03";25212.81;215.0
"2023-11-21";"Classic Cars";181;"USA";"2023-11";25182.25;239.0
"2023-10-29";"Trucks and Buses";286;"USA";"2023-10";25018.71;271.0
"2023-08-08";"Planes";119;"France";"2023-08";24914.19;321.0
"2022-11-20";"Classic Cars";175;"USA";"2022-11";24879.08;263.0
"2022-11-30";"Planes";211;"Hong Kong";"2022-11";24761.8;323.0
"2023-04-29";"Classic Cars";209;"France";"2023-04";24711.14;266.0
"2022-11-29";"Trucks and Buses";484;"Spain";"2022-11";24671.92;275.0
"2022-11-21";"Trucks and Buses";324;"UK";"2022-11";24546.77;291.0
"2023-12-01";"Motorcycles";131;"USA";"2023-12";24469.17;262.0
"2023-02-13";"Vintage Cars";475;"USA";"2023-02";24254.28;315.0
"2023-09-24";"Trucks and Buses";448;"Sweden";"2023-09";24146.26;262.0
"2022-10-19";"Classic Cars";128;"Germany";"2022-10";24101.81;251.0
"2022-07-31";"Vintage Cars";282;"Australia";"2022-07";24013.52;266.0
"2022-11-06";"Trucks and Buses";148;"Singapore";"2022-11";23964.75;253.0
"2022-12-16";"Motorcycles";129;"USA";"2022-12";23923.93;214.0
"2023-12-31";"Classic Cars";353;"France";"2023-12";23831.78;161.0
"2023-12-01";"Classic Cars";131;"USA";"2023-12";23742.5;226.0
"2024-02-25";"Classic Cars";186;"Finland";"2024-02";23602.9;215.0
"2022-12-10";"Trucks and Buses";146;"France";"2022-12";23602.57;261.0
"2023-03-13";"Classic Cars";239;"USA";"2023-03";23552.59;237.0
"2022-08-08";"Trucks and Buses";161;"USA";"2022-08";23549.46;257.0
"2023-05-21";"Classic Cars";334;"Finland";"2023-05";23532.19;144.0
"2023-09-17";"Classic Cars";166;"Singapore";"2023-09";23464.59;287.0
"2022-07-16";"Motorcycles";250;"France";"2022-07";23419.47;227.0
"2023-11-17";"Planes";240;"UK";"2023-11";23150.51;299.0
"2022-04-02";"Vintage Cars";187;"UK";"2022-04";23119.91;273.0
"2022-06-12";"Trucks and Buses";458;"Spain";"2022-06";23103.26;248.0
"2023-01-30";"Motorcycles";406;"France";"2023-01";23074.07;287.0
"2023-12-20";"Motorcycles";323;"New Zealand";"2023-12";23036.56;216.0
"2022-10-25";"Classic Cars";321;"USA";"2022-10";22892.46;216.0
"2023-10-31";"Planes";319;"USA";"2023-10";22833.98;292.0
"2022-12-11";"Ships";216;"Spain";"2022-12";22756.43;288.0
"2023-04-21";"Motorcycles";181;"USA";"2023-04";22602.36;239.0
"2023-12-26";"Classic Cars";141;"Spain";"2023-12";22547.04;233.0
"2023-05-23";"Ships";131;"USA";"2023-05";22437.19;265.0
"2023-10-29";"Classic Cars";286;"USA";"2023-10";22392.62;231.0
"2023-11-21";"Classic Cars";121;"Norway";"2023-11";22392.46;157.0
"2023-12-10";"Classic Cars";382;"Austria";"2023-12";22380.74;180.0
"2024-02-19";"Motorcycles";119;"France";"2024-02";22351.12;240.0
"2022-03-11";"Motorcycles";131;"USA";"2022-03";22292.62;229.0
"2022-05-01";"Classic Cars";148;"Singapore";"2022-05";22246.01;137.0
"2022-12-11";"Classic Cars";455;"USA";"2022-12";22198.19;136.0
"2023-02-10";"Vintage Cars";458;"Spain";"2023-02";22162.61;241.0
"2022-11-19";"Classic Cars";276;"Australia";"2022-11";22145.39;225.0
"2022-02-15";"Classic Cars";141;"Spain";"2022-02";22003.45;224.0
"2022-05-14";"Motorcycles";114;"Australia";"2022-05";21814.69;212.0
"2022-10-06";"Trucks and Buses";311;"Finland";"2022-10";21774.28;248.0
"2023-04-18";"Planes";260;"Canada";"2023-04";21768.01;274.0
"2023-11-07";"Trucks and Buses";202;"Canada";"2023-11";21440.18;253.0
"2022-11-12";"Motorcycles";161;"USA";"2022-11";21315.15;236.0
"2022-11-07";"Ships";448;"Sweden";"2022-11";21137.6;287.0
"2023-01-17";"Ships";146;"France";"2023-01";21010.71;271.0
"2022-02-13";"Trucks and Buses";121;"Norway";"2022-02";20987.03;232.0
"2023-08-05";"Trucks and Buses";124;"USA";"2023-08";20930.82;218.0
"2022-08-23";"Classic Cars";124;"USA";"2022-08";20772.52;136.0
"2024-01-28";"Vintage Cars";205;"USA";"2024-01";20661.63;235.0
"2022-10-26";"Classic Cars";347;"USA";"2022-10";20452.5;231.0
"2024-02-05";"Vintage Cars";379;"USA";"2024-02";20327.42;252.0
"2023-07-23";"Classic Cars";151;"USA";"2023-07";20314.44;244.0
"2024-01-01";"Ships";496;"New Zealand";"2024-01";20281.48;262.0
"2022-11-29";"Classic Cars";320;"USA";"2022-11";20247.07;136.0
"2023-09-05";"Ships";260;"Canada";"2023-09";20133.15;268.0
"2022-05-14";"Planes";114;"Australia";"2022-05";20022.89;235.0
"2023-08-25";"Classic Cars";141;"Spain";"2023-08";20009.53;236.0
"2022-11-29";"Classic Cars";484;"Spain";"2022-11";20007.83;196.0
"2024-03-04";"Classic Cars";124;"USA";"2024-03";19912.88;130.0
"2023-08-08";"Motorcycles";119;"France";"2023-08";19847.14;214.0
"2023-12-18";"Ships";141;"Spain";"2023-12";19764.68;256.0
"2023-06-19";"Classic Cars";323;"New Zealand";"2023-06";19681.54;251.0
"2022-11-22";"Ships";344;"Spain";"2022-11";19658.17;245.0
"2023-10-01";"Planes";415;"Germany";"2023-10";19600.79;245.0
"2022-11-05";"Trucks and Buses";452;"Austria";"2022-11";19562.53;203.0
"2023-09-25";"Classic Cars";249;"Italy";"2023-09";19429.29;115.0
"2023-05-21";"Classic Cars";141;"Spain";"2023-05";19363.13;215.0
"2023-10-30";"Ships";187;"UK";"2023-10";19186.06;257.0
"2022-06-12";"Vintage Cars";458;"Spain";"2022-06";19143.78;264.0
"2022-10-21";"Planes";186;"Finland";"2022-10";19112.8;246.0
"2023-03-08";"Motorcycles";171;"France";"2023-03";18997.89;241.0
"2022-12-12";"Planes";385;"Philippines";"2022-12";18975.37;215.0
"2022-02-26";"Classic Cars";145;"Denmark";"2022-02";18941.04;120.0
"2023-11-17";"Classic Cars";458;"Spain";"2023-11";18930.27;127.0
"2024-01-28";"Classic Cars";205;"USA";"2024-01";18918.97;234.0
"2024-01-02";"Planes";282;"Australia";"2024-01";18877.85;243.0
"2023-08-05";"Classic Cars";157;"USA";"2023-08";18853.68;126.0
"2023-03-06";"Planes";239;"USA";"2023-03";18818.52;240.0
"2023-08-06";"Vintage Cars";314;"Belgium";"2023-08";18691.79;198.0
"2022-02-26";"Ships";145;"Denmark";"2022-02";18579.03;230.0
"2022-08-25";"Planes";320;"USA";"2022-08";18545.57;248.0
"2023-08-06";"Ships";314;"Belgium";"2023-08";18457.37;243.0
"2023-12-03";"Classic Cars";187;"UK";"2023-12";18324.08;223.0
"2022-11-27";"Classic Cars";124;"USA";"2022-11";18232.36;229.0
"2022-06-27";"Ships";324;"UK";"2022-06";18190.93;225.0
"2024-02-08";"Classic Cars";124;"USA";"2024-02";18186.4;189.0
"2023-09-24";"Classic Cars";131;"USA";"2023-09";18156.14;197.0
"2023-12-20";"Planes";447;"USA";"2023-12";18151.53;220.0
"2022-10-13";"Ships";141;"Spain";"2022-10";18123.45;234.0
"2024-03-03";"Classic Cars";141;"Spain";"2024-03";18056.28;216.0
"2023-12-10";"Motorcycles";382;"Austria";"2023-12";18039.49;197.0
"2022-12-10";"Classic Cars";319;"USA";"2022-12";17959.39;187.0
"2023-10-31";"Motorcycles";121;"Norway";"2023-10";17876.32;190.0
"2023-03-06";"Ships";239;"USA";"2023-03";17760.12;247.0
"2023-06-19";"Vintage Cars";323;"New Zealand";"2023-06";17599.82;218.0
"2022-11-04";"Vintage Cars";424;"USA";"2022-11";17587.01;204.0
"2024-02-05";"Trucks and Buses";276;"Australia";"2024-02";17223.48;174.0
"2024-02-16";"Ships";311;"Finland";"2024-02";17205.9;239.0
"2022-04-16";"Trucks and Buses";172;"France";"2022-04";17099.55;206.0
"2023-08-18";"Motorcycles";204;"USA";"2023-08";17098.04;208.0
"2022-07-22";"Vintage Cars";496;"New Zealand";"2022-07";17090.38;224.0
"2022-10-13";"Classic Cars";141;"Spain";"2022-10";17055.32;111.0
"2022-08-16";"Classic Cars";334;"Finland";"2022-08";17008.48;154.0
"2023-01-27";"Motorcycles";177;"Japan";"2023-01";16913.29;173.0
"2022-11-20";"Classic Cars";233;"Canada";"2022-11";16909.84;145.0
"2022-06-05";"Vintage Cars";112;"USA";"2022-06";16902.43;254.0
"2023-11-19";"Classic Cars";144;"Sweden";"2023-11";16799.03;155.0
"2023-06-30";"Vintage Cars";450;"USA";"2023-06";16753.3;208.0
"2022-05-22";"Motorcycles";353;"France";"2022-05";16700.47;185.0
"2023-12-05";"Trucks and Buses";144;"Sweden";"2023-12";16687.31;171.0
"2023-12-26";"Trucks and Buses";141;"Spain";"2023-12";16616.3;180.0
"2022-08-23";"Ships";124;"USA";"2022-08";16593.81;215.0
"2022-11-23";"Planes";242;"France";"2022-11";16555.22;218.0
"2022-04-09";"Vintage Cars";129;"USA";"2022-04";16537.85;217.0
"2023-08-05";"Classic Cars";124;"USA";"2023-08";16500.07;175.0
"2023-07-03";"Ships";233;"Canada";"2023-07";16472.01;218.0
"2023-12-15";"Vintage Cars";114;"Australia";"2023-12";16421.51;195.0
"2023-10-30";"Classic Cars";187;"UK";"2023-10";16413.79;108.0
"2023-12-20";"Classic Cars";323;"New Zealand";"2023-12";16404.03;168.0
"2022-11-19";"Motorcycles";276;"Australia";"2022-11";16401.8;219.0
"2022-11-29";"Ships";320;"USA";"2022-11";16368.32;207.0
"2023-12-23";"Classic Cars";141;"Spain";"2023-12";16351.16;188.0
"2024-02-11";"Classic Cars";398;"Japan";"2024-02";16348.7;122.0
"2024-03-03";"Vintage Cars";141;"Spain";"2024-03";16347.93;222.0
"2023-12-15";"Trucks and Buses";114;"Australia";"2023-12";16326.52;166.0
"2022-04-16";"Classic Cars";172;"France";"2022-04";16283.59;145.0
"2023-04-28";"Classic Cars";311;"Finland";"2023-04";16212.59;163.0
"2022-07-12";"Planes";141;"Spain";"2022-07";16200.59;187.0
"2022-12-10";"Trucks and Buses";319;"USA";"2022-12";16185.02;165.0
"2023-03-27";"Classic Cars";124;"USA";"2023-03";16104.23;155.0
"2023-05-21";"Trucks and Buses";141;"Spain";"2023-05";16057.61;184.0
"2022-11-26";"Planes";496;"New Zealand";"2022-11";16049.02;185.0
"2023-08-04";"Trucks and Buses";282;"Australia";"2023-08";16035.78;162.0
"2023-12-10";"Classic Cars";353;"France";"2023-12";16020.02;162.0
"2022-10-04";"Trucks and Buses";148;"Singapore";"2022-10";15810.34;162.0
"2022-06-05";"Classic Cars";112;"USA";"2022-06";15739.55;194.0
"2023-12-09";"Motorcycles";398;"Japan";"2023-12";15729.27;136.0
"2023-05-20";"Trucks and Buses";455;"USA";"2023-05";15671.49;169.0
"2023-12-25";"Vintage Cars";250;"France";"2023-12";15573.95;205.0
"2023-04-05";"Ships";240;"UK";"2023-04";15559.05;179.0
"2023-12-09";"Planes";398;"Japan";"2023-12";15354.83;225.0
"2024-02-08";"Trucks and Buses";124;"USA";"2024-02";15347.94;163.0
"2023-12-11";"Vintage Cars";350;"France";"2023-12";15340.39;156.0
"2023-04-04";"Classic Cars";344;"Spain";"2023-04";15322.93;91.0
"2023-09-17";"Vintage Cars";166;"Singapore";"2023-09";15320.89;188.0
"2023-11-19";"Motorcycles";456;"USA";"2023-11";15204.29;201.0
"2023-04-29";"Classic Cars";177;"Japan";"2023-04";15183.63;115.0
"2023-03-07";"Planes";114;"Australia";"2023-03";15181.97;184.0
"2024-03-04";"Trucks and Buses";124;"USA";"2024-03";15177.93;165.0
"2022-11-19";"Classic Cars";452;"Austria";"2022-11";15130.97;142.0
"2023-12-26";"Trucks and Buses";124;"USA";"2023-12";15092.13;157.0
"2022-12-20";"Vintage Cars";202;"Canada";"2022-12";15055.19;177.0
"2022-07-22";"Classic Cars";496;"New Zealand";"2022-07";14987.06;196.0
"2024-01-01";"Vintage Cars";496;"New Zealand";"2024-01";14968.39;167.0
"2023-10-31";"Motorcycles";319;"USA";"2023-10";14946.43;159.0
"2022-06-12";"Classic Cars";458;"Spain";"2022-06";14884.88;105.0
"2023-11-14";"Ships";119;"France";"2023-11";14799.02;184.0
"2022-06-18";"Trucks and Buses";151;"USA";"2022-06";14759.19;160.0
"2022-02-13";"Vintage Cars";121;"Norway";"2022-02";14683.04;199.0
"2022-06-04";"Classic Cars";103;"France";"2022-06";14571.44;156.0
"2022-02-13";"Classic Cars";121;"Norway";"2022-02";14548.88;110.0
"2023-01-17";"Classic Cars";146;"France";"2023-01";14509.1;92.0
"2023-09-24";"Classic Cars";448;"Sweden";"2023-09";14460.99;95.0
"2024-02-19";"Planes";119;"France";"2024-02";14446.57;182.0
"2022-05-01";"Ships";148;"Singapore";"2022-05";14393.6;174.0
"2024-01-26";"Classic Cars";381;"Belgium";"2024-01";14379.9;117.0
"2023-05-20";"Classic Cars";455;"USA";"2023-05";14371.98;106.0
"2023-07-10";"Vintage Cars";141;"Spain";"2023-07";14278.84;218.0
"2022-07-19";"Classic Cars";242;"France";"2022-07";14232.7;102.0
"2023-11-21";"Trucks and Buses";181;"USA";"2023-11";14175.95;158.0
"2024-01-01";"Planes";496;"New Zealand";"2024-01";14167.22;162.0
"2022-12-10";"Classic Cars";146;"France";"2022-12";14150.14;94.0
"2022-08-08";"Classic Cars";161;"USA";"2022-08";13958.42;99.0
"2022-07-25";"Classic Cars";353;"France";"2022-07";13920.26;138.0
"2022-04-19";"Classic Cars";424;"USA";"2022-04";13823.14;137.0
"2022-07-01";"Planes";447;"USA";"2022-07";13814.21;193.0
"2023-12-07";"Ships";424;"USA";"2023-12";13782.46;174.0
"2022-02-15";"Trucks and Buses";141;"Spain";"2022-02";13725.88;138.0
"2023-11-20";"Classic Cars";363;"USA";"2023-11";13724.58;86.0
"2023-03-06";"Vintage Cars";239;"USA";"2023-03";13713.29;181.0
"2022-05-13";"Planes";382;"Austria";"2022-05";13670.12;166.0
"2022-10-21";"Classic Cars";201;"UK";"2022-10";13596.9;165.0
"2023-07-01";"Classic Cars";166;"Singapore";"2023-07";13579.3;142.0
"2023-09-24";"Trucks and Buses";131;"USA";"2023-09";13574.03;153.0
"2023-06-11";"Classic Cars";406;"France";"2023-06";13430.9;125.0
"2023-12-26";"Vintage Cars";124;"USA";"2023-12";13361.97;159.0
"2023-11-26";"Ships";145;"Denmark";"2023-11";13356.06;183.0
"2024-02-18";"Motorcycles";333;"Australia";"2024-02";13341.75;121.0
"2022-10-24";"Planes";473;"Italy";"2022-10";13313.84;154.0
"2022-12-17";"Vintage Cars";151;"USA";"2022-12";13309.66;150.0
"2023-02-19";"Trucks and Buses";166;"Singapore";"2023-02";13300.99;161.0
"2022-02-26";"Vintage Cars";145;"Denmark";"2022-02";13105.4;157.0
"2023-03-18";"Classic Cars";146;"France";"2023-03";13104.7;157.0
"2022-12-18";"Vintage Cars";141;"Spain";"2022-12";13059.16;180.0
"2022-11-21";"Classic Cars";324;"UK";"2022-11";12909.0;141.0
"2022-11-28";"Vintage Cars";339;"USA";"2022-11";12888.03;185.0
"2024-02-16";"Planes";311;"Finland";"2024-02";12848.81;175.0
"2022-08-16";"Trucks and Buses";334;"Finland";"2022-08";12708.38;136.0
"2023-10-27";"Classic Cars";256;"France";"2023-10";12704.48;87.0
"2024-01-21";"Motorcycles";161;"USA";"2024-01";12692.19;117.0
"2022-12-16";"Planes";211;"Hong Kong";"2022-12";12596.76;139.0
"2023-12-18";"Vintage Cars";141;"Spain";"2023-12";12587.23;129.0
"2023-09-19";"Vintage Cars";167;"Norway  ";"2023-09";12538.01;150.0
"2022-10-04";"Classic Cars";148;"Singapore";"2022-10";12521.8;85.0
"2022-12-20";"Classic Cars";202;"Canada";"2022-12";12506.06;80.0
"2023-05-23";"Vintage Cars";131;"USA";"2023-05";12454.82;127.0
"2023-07-16";"Motorcycles";362;"USA";"2023-07";12440.45;186.0
"2023-09-05";"Vintage Cars";260;"Canada";"2023-09";12357.97;147.0
"2023-11-19";"Classic Cars";456;"USA";"2023-11";12346.22;134.0
"2023-09-04";"Classic Cars";157;"USA";"2023-09";12319.7;116.0
"2023-08-04";"Classic Cars";282;"Australia";"2023-08";12224.34;99.0
"2023-12-26";"Classic Cars";124;"USA";"2023-12";12222.16;75.0
"2024-02-04";"Classic Cars";124;"USA";"2024-02";12194.83;137.0
"2023-11-07";"Classic Cars";202;"Canada";"2023-11";12154.4;95.0
"2023-12-10";"Planes";216;"Spain";"2023-12";12123.37;154.0
"2023-04-15";"Planes";412;"New Zealand";"2023-04";12114.26;134.0
"2024-02-16";"Vintage Cars";311;"Finland";"2024-02";12101.33;152.0
"2023-12-04";"Vintage Cars";129;"USA";"2023-12";12069.57;140.0
"2022-11-28";"Trucks and Buses";339;"USA";"2022-11";12042.8;132.0
"2023-12-02";"Classic Cars";385;"Philippines";"2023-12";11753.9;87.0
"2024-03-04";"Classic Cars";321;"USA";"2024-03";11696.32;73.0
"2022-07-17";"Motorcycles";124;"USA";"2022-07";11688.96;181.0
"2022-08-23";"Vintage Cars";124;"USA";"2022-08";11658.75;120.0
"2023-06-11";"Motorcycles";406;"France";"2023-06";11650.06;187.0
"2023-12-17";"Trucks and Buses";151;"USA";"2023-12";11458.97;119.0
"2023-11-17";"Vintage Cars";240;"UK";"2023-11";11420.37;177.0
"2023-07-01";"Trucks and Buses";398;"Japan";"2023-07";11385.51;102.0
"2023-04-29";"Vintage Cars";209;"France";"2023-04";11358.12;116.0
"2023-10-27";"Trucks and Buses";256;"France";"2023-10";11352.84;121.0
"2022-12-11";"Vintage Cars";216;"Spain";"2022-12";11240.86;141.0
"2022-12-17";"Motorcycles";357;"New Zealand";"2022-12";11086.47;178.0
"2023-10-02";"Planes";189;"Ireland";"2023-10";11033.45;115.0
"2022-10-06";"Classic Cars";311;"Finland";"2022-10";10948.76;94.0
"2023-03-26";"Vintage Cars";173;"USA";"2023-03";10929.66;133.0
"2022-03-18";"Motorcycles";385;"Philippines";"2022-03";10769.6;170.0
"2022-12-04";"Motorcycles";141;"Spain";"2022-12";10721.86;170.0
"2024-03-04";"Vintage Cars";321;"USA";"2024-03";10663.1;141.0
"2022-01-24";"Vintage Cars";128;"Germany";"2022-01";10549.01;142.0
"2022-11-29";"Vintage Cars";320;"USA";"2022-11";10351.19;108.0
"2022-10-21";"Vintage Cars";201;"UK";"2022-10";10311.34;81.0
"2022-09-09";"Planes";205;"USA";"2022-09";10300.99;123.0
"2023-11-06";"Classic Cars";124;"USA";"2023-11";10286.4;48.0
"2024-03-04";"Trucks and Buses";321;"USA";"2024-03";10266.67;103.0
"2022-01-21";"Vintage Cars";363;"USA";"2022-01";10223.83;151.0
"2023-09-24";"Vintage Cars";448;"Sweden";"2023-09";10202.65;136.0
"2024-01-22";"Motorcycles";334;"Finland";"2024-01";10200.02;146.0
"2022-11-21";"Trucks and Buses";333;"Australia";"2022-11";10085.92;91.0
"2022-10-04";"Vintage Cars";148;"Singapore";"2022-10";10018.01;133.0
"2023-11-17";"Trucks and Buses";458;"Spain";"2023-11";9717.54;110.0
"2022-11-28";"Classic Cars";339;"USA";"2022-11";9675.45;74.0
"2023-12-15";"Classic Cars";112;"USA";"2023-12";9631.46;99.0
"2023-07-01";"Classic Cars";398;"Japan";"2023-07";9606.39;77.0
"2023-12-19";"Planes";324;"UK";"2023-12";9526.66;98.0
"2023-07-18";"Classic Cars";471;"Australia";"2023-07";9415.13;94.0
"2023-10-30";"Vintage Cars";187;"UK";"2023-10";9351.86;102.0
"2023-12-04";"Trucks and Buses";129;"USA";"2023-12";9276.13;95.0
"2022-05-13";"Vintage Cars";382;"Austria";"2022-05";9251.56;117.0
"2023-12-15";"Classic Cars";114;"Australia";"2023-12";9247.59;57.0
"2024-03-04";"Vintage Cars";124;"USA";"2024-03";9235.68;122.0
"2023-12-23";"Motorcycles";141;"Spain";"2023-12";9178.62;150.0
"2023-07-14";"Planes";175;"USA";"2023-07";9176.6;104.0
"2023-02-19";"Classic Cars";166;"Singapore";"2023-02";9173.18;79.0
"2023-08-06";"Planes";379;"USA";"2023-08";9165.23;113.0
"2022-03-04";"Vintage Cars";278;"Italy";"2022-03";9147.58;144.0
"2022-12-17";"Classic Cars";357;"New Zealand";"2022-12";9133.57;93.0
"2022-11-22";"Vintage Cars";344;"Spain";"2022-11";9079.71;103.0
"2023-12-09";"Ships";398;"Japan";"2023-12";9060.98;127.0
"2024-02-05";"Classic Cars";276;"Australia";"2024-02";9025.1;62.0
"2022-12-20";"Trucks and Buses";202;"Canada";"2022-12";8966.36;98.0
"2022-11-07";"Planes";448;"Sweden";"2022-11";8961.97;104.0
"2022-04-10";"Trucks and Buses";124;"USA";"2022-04";8880.8;93.0
"2023-11-25";"Vintage Cars";144;"Sweden";"2023-11";8869.64;111.0
"2023-12-09";"Vintage Cars";398;"Japan";"2023-12";8782.56;126.0
"2023-12-10";"Motorcycles";216;"Spain";"2023-12";8709.25;110.0
"2023-12-25";"Classic Cars";250;"France";"2023-12";8706.82;70.0
"2022-11-07";"Vintage Cars";448;"Sweden";"2022-11";8622.08;115.0
"2022-11-06";"Trains";148;"Singapore";"2022-11";8538.68;132.0
"2022-11-26";"Classic Cars";171;"France";"2022-11";8405.52;72.0
"2023-12-07";"Classic Cars";424;"USA";"2023-12";8365.0;61.0
"2024-02-19";"Classic Cars";119;"France";"2024-02";8317.8;45.0
"2022-08-25";"Vintage Cars";320;"USA";"2022-08";8261.73;124.0
"2022-11-29";"Vintage Cars";489;"UK";"2022-11";8261.31;103.0
"2022-11-23";"Vintage Cars";242;"France";"2022-11";8250.3;96.0
"2022-06-21";"Vintage Cars";141;"Spain";"2022-06";8249.52;84.0
"2023-10-30";"Planes";339;"USA";"2023-10";8247.34;98.0
"2024-02-18";"Planes";333;"Australia";"2024-02";8090.56;88.0
"2023-12-18";"Trains";141;"Spain";"2023-12";8047.51;112.0
"2023-11-17";"Ships";240;"UK";"2023-11";8043.42;114.0
"2024-02-05";"Classic Cars";379;"USA";"2024-02";7995.41;41.0
"2023-10-16";"Classic Cars";186;"Finland";"2023-10";7954.24;81.0
"2022-10-10";"Classic Cars";333;"Australia";"2022-10";7934.71;83.0
"2023-12-19";"Planes";198;"USA";"2023-12";7930.75;120.0
"2023-09-26";"Ships";362;"USA";"2023-09";7928.08;104.0
"2023-11-20";"Trucks and Buses";363;"USA";"2023-11";7922.29;84.0
"2023-10-30";"Trains";187;"UK";"2023-10";7873.58;120.0
"2022-04-19";"Trucks and Buses";424;"USA";"2022-04";7842.84;73.0
"2022-10-21";"Vintage Cars";186;"Finland";"2022-10";7816.4;100.0
"2022-11-05";"Vintage Cars";462;"USA";"2022-11";7767.47;69.0
"2022-05-13";"Ships";382;"Austria";"2022-05";7712.17;113.0
"2023-01-17";"Vintage Cars";146;"France";"2023-01";7708.33;89.0
"2023-03-05";"Vintage Cars";314;"Belgium";"2023-03";7703.52;72.0
"2022-08-25";"Ships";320;"USA";"2022-08";7678.73;103.0
"2023-11-18";"Planes";157;"USA";"2023-11";7642.45;81.0
"2022-06-05";"Vintage Cars";114;"Australia";"2022-06";7565.08;66.0
"2023-11-07";"Trucks and Buses";227;"Denmark";"2023-11";7560.55;73.0
"2023-08-04";"Vintage Cars";282;"Australia";"2023-08";7546.61;113.0
"2023-11-28";"Vintage Cars";278;"Italy";"2023-11";7504.16;112.0
"2023-10-30";"Vintage Cars";339;"USA";"2023-10";7499.3;92.0
"2024-02-26";"Vintage Cars";141;"Spain";"2024-02";7472.55;66.0
"2023-04-15";"Vintage Cars";412;"New Zealand";"2023-04";7415.23;95.0
"2023-11-25";"Ships";144;"Sweden";"2023-11";7303.76;80.0
"2023-11-26";"Planes";145;"Denmark";"2023-11";7208.8;70.0
"2023-02-13";"Classic Cars";475;"USA";"2023-02";7200.55;35.0
"2023-10-01";"Vintage Cars";415;"Germany";"2023-10";7199.28;101.0
"2022-06-27";"Vintage Cars";324;"UK";"2022-06";7154.13;91.0
"2023-03-05";"Ships";314;"Belgium";"2023-03";7133.61;72.0
"2023-09-05";"Trains";124;"USA";"2023-09";7132.4;109.0
"2022-11-21";"Classic Cars";333;"Australia";"2022-11";7067.58;34.0
"2024-02-11";"Ships";398;"Japan";"2024-02";7051.12;81.0
"2022-08-23";"Trains";124;"USA";"2022-08";7027.48;106.0
"2023-09-02";"Classic Cars";249;"Italy";"2023-09";6994.82;34.0
"2022-11-29";"Planes";489;"UK";"2022-11";6912.34;82.0
"2024-02-11";"Vintage Cars";398;"Japan";"2024-02";6910.23;69.0
"2023-12-03";"Vintage Cars";486;"USA";"2023-12";6806.8;44.0
"2022-11-21";"Vintage Cars";333;"Australia";"2022-11";6783.03;95.0
"2022-12-16";"Planes";475;"USA";"2022-12";6577.12;86.0
"2023-09-06";"Vintage Cars";299;"Norway  ";"2023-09";6541.11;122.0
"2022-10-21";"Ships";186;"Finland";"2022-10";6538.88;76.0
"2022-08-25";"Classic Cars";320;"USA";"2022-08";6530.72;49.0
"2023-03-06";"Classic Cars";239;"USA";"2023-03";6530.72;49.0
"2023-12-06";"Vintage Cars";172;"France";"2023-12";6490.56;48.0
"2023-04-15";"Ships";412;"New Zealand";"2023-04";6461.52;77.0
"2023-08-01";"Vintage Cars";382;"Austria";"2023-08";6419.84;80.0
"2022-11-05";"Classic Cars";452;"Austria";"2022-11";6402.12;60.0
"2023-01-17";"Trains";146;"France";"2023-01";6386.58;78.0
"2023-02-25";"Classic Cars";487;"USA";"2023-02";6356.18;64.0
"2023-12-05";"Classic Cars";144;"Sweden";"2023-12";6326.86;46.0
"2023-07-10";"Ships";141;"Spain";"2023-07";6279.36;76.0
"2023-05-12";"Vintage Cars";495;"USA";"2023-05";6276.6;80.0
"2023-09-25";"Ships";249;"Italy";"2023-09";6251.22;82.0
"2023-09-25";"Vintage Cars";249;"Italy";"2023-09";6225.01;73.0
"2022-12-11";"Vintage Cars";455;"USA";"2022-12";6224.47;49.0
"2023-02-25";"Trucks and Buses";487;"USA";"2023-02";6217.1;83.0
"2023-12-31";"Trucks and Buses";353;"France";"2023-12";6215.5;82.0
"2023-03-26";"Classic Cars";173;"USA";"2023-03";6214.7;29.0
"2023-12-06";"Trucks and Buses";172;"France";"2023-12";6176.7;61.0
"2024-01-02";"Vintage Cars";282;"Australia";"2024-01";6068.47;116.0
"2023-10-13";"Motorcycles";103;"France";"2023-10";6066.78;71.0
"2023-07-16";"Classic Cars";362;"USA";"2023-07";6033.26;67.0
"2023-11-07";"Trains";227;"Denmark";"2023-11";5907.12;96.0
"2023-04-19";"Motorcycles";486;"USA";"2023-04";5899.38;81.0
"2022-03-04";"Ships";278;"Italy";"2022-03";5867.96;71.0
"2023-09-23";"Vintage Cars";198;"USA";"2023-09";5858.56;71.0
"2022-11-23";"Ships";242;"France";"2022-11";5846.74;75.0
"2023-02-17";"Trucks and Buses";256;"France";"2023-02";5759.42;43.0
"2023-01-24";"Vintage Cars";347;"USA";"2023-01";5736.54;78.0
"2023-05-24";"Vintage Cars";173;"USA";"2023-05";5734.53;71.0
"2022-04-08";"Classic Cars";144;"Sweden";"2022-04";5717.64;29.0
"2022-10-13";"Vintage Cars";141;"Spain";"2022-10";5710.46;53.0
"2023-04-15";"Classic Cars";412;"New Zealand";"2023-04";5679.36;48.0
"2023-12-08";"Planes";381;"Belgium";"2023-12";5624.79;41.0
"2023-12-03";"Motorcycles";486;"USA";"2023-12";5616.04;80.0
"2022-11-29";"Trains";320;"USA";"2022-11";5581.91;69.0
"2022-01-25";"Vintage Cars";181;"USA";"2022-01";5494.78;80.0
"2022-12-11";"Trains";455;"USA";"2022-12";5472.52;81.0
"2023-11-21";"Trucks and Buses";121;"Norway";"2023-11";5468.96;76.0
"2022-11-07";"Classic Cars";448;"Sweden";"2022-11";5445.44;44.0
"2023-12-05";"Trucks and Buses";124;"USA";"2023-12";5381.4;84.0
"2023-07-02";"Trains";357;"New Zealand";"2023-07";5364.47;77.0
"2022-12-11";"Classic Cars";216;"Spain";"2022-12";5324.4;45.0
"2023-01-24";"Ships";347;"USA";"2023-01";5299.4;61.0
"2023-09-05";"Vintage Cars";124;"USA";"2023-09";5285.99;43.0
"2022-05-13";"Classic Cars";382;"Austria";"2022-05";5192.48;46.0
"2023-03-31";"Trains";128;"Germany";"2023-03";5184.01;89.0
"2023-02-24";"Classic Cars";473;"Italy";"2023-02";5181.94;34.0
"2023-05-27";"Motorcycles";450;"USA";"2023-05";5119.63;63.0
"2023-11-21";"Vintage Cars";181;"USA";"2023-11";5042.3;71.0
"2023-01-24";"Classic Cars";347;"USA";"2023-01";5038.8;39.0
"2023-12-26";"Vintage Cars";141;"Spain";"2023-12";5022.12;71.0
"2023-10-30";"Ships";339;"USA";"2023-10";4983.38;65.0
"2023-01-24";"Planes";347;"USA";"2023-01";4978.95;91.0
"2023-12-04";"Classic Cars";129;"USA";"2023-12";4903.08;26.0
"2023-05-21";"Trains";334;"Finland";"2023-05";4862.35;89.0
"2023-08-05";"Trains";157;"USA";"2023-08";4862.02;88.0
"2022-05-01";"Vintage Cars";148;"Singapore";"2022-05";4856.61;49.0
"2024-01-23";"Motorcycles";320;"USA";"2024-01";4825.48;66.0
"2024-01-02";"Motorcycles";282;"Australia";"2024-01";4825.28;46.0
"2023-04-05";"Vintage Cars";240;"UK";"2023-04";4741.68;45.0
"2023-06-24";"Vintage Cars";145;"Denmark";"2023-06";4710.73;63.0
"2023-11-14";"Vintage Cars";119;"France";"2023-11";4702.8;60.0
"2023-04-05";"Trains";240;"UK";"2023-04";4694.88;48.0
"2023-06-20";"Vintage Cars";209;"France";"2023-06";4632.31;61.0
"2023-02-13";"Trucks and Buses";475;"USA";"2023-02";4615.64;46.0
"2024-02-16";"Classic Cars";311;"Finland";"2024-02";4614.48;39.0
"2023-09-12";"Planes";286;"USA";"2023-09";4591.8;45.0
"2023-12-15";"Vintage Cars";112;"USA";"2023-12";4559.66;64.0
"2023-10-31";"Vintage Cars";319;"USA";"2023-10";4559.35;93.0
"2023-10-02";"Motorcycles";189;"Ireland";"2023-10";4553.96;58.0
"2023-11-21";"Trucks and Buses";128;"Germany";"2023-11";4552.42;47.0
"2022-11-20";"Classic Cars";278;"Italy";"2022-11";4548.11;62.0
"2023-10-01";"Ships";415;"Germany";"2023-10";4510.02;55.0
"2023-11-17";"Vintage Cars";458;"Spain";"2023-11";4497.75;68.0
"2022-02-15";"Trains";141;"Spain";"2022-02";4476.87;81.0
"2022-11-04";"Classic Cars";424;"USA";"2022-11";4455.36;21.0
"2023-05-27";"Vintage Cars";450;"USA";"2023-05";4449.76;86.0
"2023-09-26";"Ships";204;"USA";"2023-09";4424.4;45.0
"2024-02-19";"Vintage Cars";119;"France";"2024-02";4408.18;93.0
"2023-09-05";"Trucks and Buses";124;"USA";"2023-09";4354.42;38.0
"2023-04-14";"Ships";328;"USA";"2023-04";4346.26;65.0
"2022-06-18";"Trains";151;"USA";"2022-06";4326.0;75.0
"2022-07-12";"Vintage Cars";141;"Spain";"2022-07";4304.52;76.0
"2022-11-29";"Ships";489;"UK";"2022-11";4273.28;56.0
"2022-12-11";"Ships";455;"USA";"2022-12";4244.0;50.0
"2023-12-08";"Vintage Cars";381;"Belgium";"2023-12";4192.65;45.0
"2023-11-17";"Classic Cars";240;"UK";"2023-11";4173.84;33.0
"2023-12-20";"Vintage Cars";447;"USA";"2023-12";4155.2;80.0
"2023-12-19";"Vintage Cars";324;"UK";"2023-12";4145.16;58.0
"2022-10-21";"Classic Cars";186;"Finland";"2022-10";4134.4;32.0
"2023-08-06";"Trains";314;"Belgium";"2023-08";4123.31;47.0
"2023-12-10";"Vintage Cars";216;"Spain";"2023-12";4112.59;79.0
"2023-02-06";"Classic Cars";489;"UK";"2023-02";4092.96;52.0
"2023-01-27";"Vintage Cars";177;"Japan";"2023-01";4084.5;82.0
"2022-06-27";"Classic Cars";324;"UK";"2022-06";4084.08;33.0
"2023-08-06";"Classic Cars";314;"Belgium";"2023-08";4080.0;30.0
"2023-12-02";"Motorcycles";385;"Philippines";"2023-12";4068.94;71.0
"2022-10-13";"Trains";141;"Spain";"2022-10";4050.62;60.0
"2022-05-14";"Vintage Cars";114;"Australia";"2022-05";4026.45;78.0
"2023-05-23";"Trains";131;"USA";"2023-05";4023.6;42.0
"2023-11-21";"Trains";121;"Norway";"2023-11";4022.96;72.0
"2023-12-20";"Motorcycles";447;"USA";"2023-12";3997.4;46.0
"2023-12-06";"Trains";172;"France";"2023-12";3947.57;52.0
"2022-11-26";"Motorcycles";496;"New Zealand";"2022-11";3910.5;45.0
"2023-07-02";"Vintage Cars";357;"New Zealand";"2023-07";3890.24;32.0
"2022-12-03";"Motorcycles";205;"USA";"2022-12";3879.96;28.0
"2023-11-01";"Motorcycles";259;"Germany";"2023-11";3870.84;78.0
"2023-09-26";"Vintage Cars";362;"USA";"2023-09";3867.68;46.0
"2022-09-18";"Classic Cars";447;"USA";"2022-09";3797.26;29.0
"2023-04-18";"Vintage Cars";260;"Canada";"2023-04";3789.51;75.0
"2023-11-01";"Vintage Cars";141;"Spain";"2023-11";3773.23;41.0
"2023-04-18";"Motorcycles";260;"Canada";"2023-04";3726.9;41.0
"2022-10-23";"Planes";141;"Spain";"2022-10";3726.72;48.0
"2022-11-12";"Vintage Cars";161;"USA";"2022-11";3697.26;79.0
"2024-02-11";"Trains";398;"Japan";"2024-02";3657.68;49.0
"2023-09-24";"Trains";131;"USA";"2023-09";3591.8;66.0
"2023-12-11";"Classic Cars";350;"France";"2023-12";3547.92;55.0
"2022-11-30";"Vintage Cars";211;"Hong Kong";"2022-11";3525.93;72.0
"2024-01-23";"Classic Cars";320;"USA";"2024-01";3481.8;30.0
"2023-10-22";"Vintage Cars";484;"Spain";"2023-10";3474.66;70.0
"2024-02-24";"Classic Cars";219;"USA";"2024-02";3452.75;35.0
"2023-05-24";"Ships";173;"USA";"2023-05";3439.6;40.0
"2023-02-27";"Trucks and Buses";189;"Ireland";"2023-02";3426.2;37.0
"2023-03-31";"Trucks and Buses";128;"Germany";"2023-03";3423.8;34.0
"2023-07-03";"Vintage Cars";233;"Canada";"2023-07";3367.52;42.0
"2023-09-05";"Ships";124;"USA";"2023-09";3351.85;43.0
"2022-11-21";"Trains";386;"Italy";"2022-11";3348.4;60.0
"2022-02-26";"Trains";145;"Denmark";"2022-02";3333.74;38.0
"2022-06-21";"Trains";141;"Spain";"2022-06";3307.47;41.0
"2022-07-01";"Vintage Cars";198;"USA";"2022-07";3284.16;33.0
"2023-09-05";"Classic Cars";260;"Canada";"2023-09";3264.0;25.0
"2023-09-26";"Classic Cars";362;"USA";"2023-09";3264.0;24.0
"2023-11-06";"Trucks and Buses";124;"USA";"2023-11";3248.0;32.0
"2023-12-18";"Trucks and Buses";141;"Spain";"2023-12";3229.58;31.0
"2023-02-06";"Vintage Cars";489;"UK";"2023-02";3217.46;38.0
"2023-03-26";"Trucks and Buses";173;"USA";"2023-03";3210.88;32.0
"2022-11-23";"Classic Cars";242;"France";"2022-11";3166.08;24.0
"2023-08-08";"Vintage Cars";119;"France";"2023-08";3162.86;66.0
"2023-07-03";"Classic Cars";233;"Canada";"2023-07";3157.92;27.0
"2024-02-26";"Motorcycles";141;"Spain";"2024-02";3120.4;68.0
"2022-05-23";"Motorcycles";350;"France";"2022-05";3114.59;66.0
"2022-05-06";"Ships";216;"Spain";"2022-05";3101.4;36.0
"2023-11-28";"Ships";278;"Italy";"2023-11";3080.33;41.0
"2023-11-25";"Trains";144;"Sweden";"2023-11";3033.28;32.0
"2023-03-07";"Vintage Cars";114;"Australia";"2023-03";3016.42;61.0
"2022-11-26";"Vintage Cars";496;"New Zealand";"2022-11";3004.08;58.0
"2023-11-21";"Vintage Cars";128;"Germany";"2023-11";2913.9;33.0
"2022-05-01";"Trains";148;"Singapore";"2022-05";2883.93;42.0
"2022-07-10";"Planes";323;"New Zealand";"2022-07";2880.0;36.0
"2023-12-18";"Classic Cars";141;"Spain";"2023-12";2864.16;26.0
"2022-10-24";"Motorcycles";473;"Italy";"2022-10";2852.94;34.0
"2022-09-26";"Vintage Cars";276;"Australia";"2022-09";2847.5;34.0
"2022-09-18";"Motorcycles";447;"USA";"2022-09";2834.1;47.0
"2022-11-29";"Trains";484;"Spain";"2022-11";2833.44;48.0
"2023-04-14";"Vintage Cars";328;"USA";"2023-04";2832.4;40.0
"2022-12-16";"Motorcycles";211;"Hong Kong";"2022-12";2831.85;35.0
"2022-11-29";"Classic Cars";489;"UK";"2022-11";2828.8;26.0
"2022-12-03";"Planes";167;"Norway  ";"2022-12";2787.19;29.0
"2023-11-21";"Vintage Cars";121;"Norway";"2023-11";2753.76;24.0
"2022-07-01";"Ships";198;"USA";"2022-07";2752.8;40.0
"2024-01-01";"Trains";496;"New Zealand";"2024-01";2748.91;29.0
"2023-02-27";"Trains";189;"Ireland";"2023-02";2698.8;50.0
"2022-11-22";"Trains";344;"Spain";"2022-11";2690.33;29.0
"2023-05-24";"Planes";173;"USA";"2023-05";2669.32;52.0
"2023-07-02";"Ships";357;"New Zealand";"2023-07";2658.15;33.0
"2022-12-05";"Motorcycles";259;"Germany";"2022-12";2619.99;43.0
"2023-08-20";"Classic Cars";148;"Singapore";"2023-08";2611.84;28.0
"2023-10-30";"Classic Cars";339;"USA";"2023-10";2603.04;22.0
"2023-11-07";"Vintage Cars";227;"Denmark";"2023-11";2595.2;20.0
"2023-12-31";"Trains";353;"France";"2023-12";2553.33;47.0
"2023-05-23";"Classic Cars";131;"USA";"2023-05";2529.6;20.0
"2022-11-21";"Trucks and Buses";386;"Italy";"2022-11";2529.08;23.0
"2022-12-24";"Trains";495;"USA";"2022-12";2488.5;45.0
"2023-11-18";"Planes";161;"USA";"2023-11";2434.25;35.0
"2023-02-24";"Trucks and Buses";473;"Italy";"2023-02";2430.12;22.0
"2023-12-10";"Planes";382;"Austria";"2023-12";2393.6;34.0
"2023-09-02";"Trucks and Buses";249;"Italy";"2023-09";2352.0;24.0
"2022-10-17";"Vintage Cars";219;"USA";"2022-10";2332.13;31.0
"2022-06-21";"Ships";141;"Spain";"2022-06";2328.0;32.0
"2023-12-08";"Ships";381;"Belgium";"2023-12";2264.08;28.0
"2023-12-07";"Vintage Cars";424;"USA";"2023-12";2214.44;29.0
"2022-11-05";"Ships";462;"USA";"2022-11";2210.38;29.0
"2023-05-20";"Vintage Cars";455;"USA";"2023-05";2196.0;45.0
"2022-04-10";"Vintage Cars";124;"USA";"2022-04";2163.5;50.0
"2022-10-17";"Ships";219;"USA";"2022-10";2133.72;36.0
"2023-03-05";"Trains";314;"Belgium";"2023-03";2064.25;23.0
"2024-01-02";"Ships";282;"Australia";"2024-01";2063.76;24.0
"2023-12-25";"Motorcycles";250;"France";"2023-12";2030.86;26.0
"2023-09-25";"Trains";249;"Italy";"2023-09";2018.72;22.0
"2023-09-13";"Motorcycles";172;"France";"2023-09";1960.8;38.0
"2022-12-10";"Vintage Cars";146;"France";"2022-12";1959.39;41.0
"2022-04-08";"Vintage Cars";144;"Sweden";"2022-04";1957.3;23.0
"2022-12-10";"Trains";319;"USA";"2022-12";1947.99;33.0
"2023-11-07";"Ships";227;"Denmark";"2023-11";1912.45;23.0
"2022-10-10";"Trains";333;"Australia";"2022-10";1886.61;33.0
"2023-09-04";"Vintage Cars";157;"USA";"2023-09";1881.44;44.0
"2022-07-12";"Motorcycles";141;"Spain";"2022-07";1860.93;23.0
"2024-01-22";"Motorcycles";350;"France";"2024-01";1834.56;48.0
"2023-12-01";"Planes";131;"USA";"2023-12";1813.68;44.0
"2023-08-06";"Ships";379;"USA";"2023-08";1803.12;24.0
"2023-09-05";"Planes";260;"Canada";"2023-09";1772.46;43.0
"2023-10-02";"Vintage Cars";189;"Ireland";"2023-10";1772.12;28.0
"2022-12-16";"Vintage Cars";211;"Hong Kong";"2022-12";1764.45;27.0
"2023-12-19";"Ships";198;"USA";"2023-12";1727.99;23.0
"2023-03-27";"Vintage Cars";124;"USA";"2023-03";1707.03;39.0
"2022-07-01";"Ships";447;"USA";"2022-07";1692.68;22.0
"2023-05-06";"Vintage Cars";456;"USA";"2023-05";1679.92;46.0
"2024-02-04";"Vintage Cars";124;"USA";"2024-02";1679.92;46.0
"2023-12-11";"Vintage Cars";103;"France";"2023-12";1676.14;43.0
"2022-12-12";"Vintage Cars";385;"Philippines";"2022-12";1668.87;27.0
"2022-12-06";"Classic Cars";471;"Australia";"2022-12";1657.0;25.0
"2022-04-26";"Trains";381;"Belgium";"2022-04";1627.56;27.0
"2024-02-08";"Trains";124;"USA";"2024-02";1603.2;30.0
"2022-10-24";"Vintage Cars";473;"Italy";"2022-10";1579.48;28.0
"2023-08-06";"Vintage Cars";379;"USA";"2023-08";1562.16;24.0
"2022-07-01";"Vintage Cars";447;"USA";"2022-07";1525.4;29.0
"2023-12-10";"Motorcycles";114;"Australia";"2023-12";1503.32;26.0
"2022-10-25";"Motorcycles";121;"Norway";"2022-10";1491.38;22.0
"2022-08-08";"Vintage Cars";161;"USA";"2022-08";1167.25;29.0
"2022-11-05";"Vintage Cars";452;"Austria";"2022-11";1157.25;25.0
"2022-12-11";"Planes";216;"Spain";"2022-12";1152.17;29.0
"2023-12-07";"Trains";424;"USA";"2023-12";1144.08;21.0
"2022-08-28";"Vintage Cars";381;"Belgium";"2022-08";1128.2;20.0
"2022-12-16";"Vintage Cars";475;"USA";"2022-12";1101.13;29.0
"2023-12-05";"Classic Cars";124;"USA";"2023-12";1085.04;33.0
"2023-12-10";"Motorcycles";353;"France";"2023-12";1084.89;29.0
"2023-07-01";"Vintage Cars";398;"Japan";"2023-07";1046.01;21.0
"2022-10-23";"Vintage Cars";141;"Spain";"2022-10";872.8;20.0
"2024-02-05";"Vintage Cars";276;"Australia";"2024-02";835.2;20.0
